Customer ID,Age,Gender
1,55,Male
2,19,Male
3,50,Male
4,21,Male
5,45,Male
6,46,Male
7,63,Male
8,27,Male
9,26,Male
10,57,Male
11,53,Male
12,30,Male
13,61,Male
14,65,Male
15,64,Male
16,64,Male
17,25,Male
18,53,Male
19,52,Male
20,66,Male
21,21,Male
22,31,Male
23,56,Male
24,31,Male
25,18,Male
26,18,Male
27,38,Male
28,56,Male
29,54,Male
30,31,Male
31,57,Male
32,33,Male
33,36,Male
34,54,Male
35,36,Male
36,54,Male
37,35,Male
38,35,Male
39,29,Male
40,70,Male
41,69,Male
42,67,Male
43,20,Male
44,25,Male
45,39,Male
46,50,Male
47,57,Male
48,55,Male
49,42,Male
50,68,Male
51,49,Male
52,59,Male
53,42,Male
54,29,Male
55,47,Male
56,40,Male
57,41,Male
58,21,Male
59,69,Male
60,63,Male
61,50,Male
62,55,Male
63,30,Male
64,33,Male
65,65,Male
66,65,Male
67,31,Male
68,45,Male
69,57,Male
70,48,Male
71,22,Male
72,36,Male
73,18,Male
74,48,Male
75,49,Male
76,64,Male
77,50,Male
78,22,Male
79,50,Male
80,38,Male
81,19,Male
82,67,Male
83,19,Male
84,36,Male
85,52,Male
86,53,Male
87,24,Male
88,52,Male
89,33,Male
90,47,Male
91,25,Male
92,44,Male
93,61,Male
94,37,Male
95,58,Male
96,37,Male
97,32,Male
98,21,Male
99,20,Male
100,26,Male
101,62,Male
102,27,Male
103,51,Male
104,54,Male
105,55,Male
106,69,Male
107,64,Male
108,28,Male
109,70,Male
110,58,Male
111,56,Male
112,26,Male
113,37,Male
114,44,Male
115,70,Male
116,53,Male
117,55,Male
118,50,Male
119,50,Male
120,38,Male
121,64,Male
122,19,Male
123,40,Male
124,57,Male
125,44,Male
126,49,Male
127,43,Male
128,24,Male
129,20,Male
130,24,Male
131,44,Male
132,28,Male
133,30,Male
134,52,Male
135,43,Male
136,43,Male
137,39,Male
138,68,Male
139,68,Male
140,49,Male
141,63,Male
142,56,Male
143,37,Male
144,30,Male
145,19,Male
146,24,Male
147,52,Male
148,63,Male
149,37,Male
150,38,Male
151,35,Male
152,28,Male
153,30,Male
154,69,Male
155,41,Male
156,63,Male
157,35,Male
158,36,Male
159,25,Male
160,58,Male
161,27,Male
162,65,Male
163,54,Male
164,54,Male
165,59,Male
166,42,Male
167,46,Male
168,33,Male
169,34,Male
170,27,Male
171,52,Male
172,29,Male
173,54,Male
174,25,Male
175,41,Male
176,53,Male
177,53,Male
178,21,Male
179,61,Male
180,64,Male
181,51,Male
182,32,Male
183,38,Male
184,58,Male
185,32,Male
186,46,Male
187,39,Male
188,19,Male
189,50,Male
190,36,Male
191,65,Male
192,64,Male
193,46,Male
194,36,Male
195,51,Male
196,51,Male
197,38,Male
198,59,Male
199,57,Male
200,54,Male
201,25,Male
202,69,Male
203,57,Male
204,70,Male
205,24,Male
206,67,Male
207,24,Male
208,62,Male
209,57,Male
210,55,Male
211,45,Male
212,69,Male
213,67,Male
214,30,Male
215,24,Male
216,62,Male
217,43,Male
218,35,Male
219,28,Male
220,32,Male
221,39,Male
222,28,Male
223,47,Male
224,20,Male
225,63,Male
226,25,Male
227,29,Male
228,50,Male
229,18,Male
230,70,Male
231,66,Male
232,28,Male
233,54,Male
234,19,Male
235,20,Male
236,43,Male
237,38,Male
238,50,Male
239,64,Male
240,49,Male
241,47,Male
242,36,Male
243,55,Male
244,25,Male
245,53,Male
246,49,Male
247,35,Male
248,29,Male
249,47,Male
250,53,Male
251,33,Male
252,21,Male
253,32,Male
254,52,Male
255,67,Male
256,43,Male
257,58,Male
258,20,Male
259,61,Male
260,32,Male
261,38,Male
262,21,Male
263,37,Male
264,27,Male
265,36,Male
266,32,Male
267,51,Male
268,64,Male
269,68,Male
270,68,Male
271,33,Male
272,65,Male
273,48,Male
274,69,Male
275,59,Male
276,48,Male
277,25,Male
278,29,Male
279,57,Male
280,23,Male
281,45,Male
282,38,Male
283,21,Male
284,32,Male
285,63,Male
286,29,Male
287,27,Male
288,56,Male
289,30,Male
290,49,Male
291,58,Male
292,57,Male
293,60,Male
294,69,Male
295,70,Male
296,53,Male
297,25,Male
298,48,Male
299,69,Male
300,25,Male
301,29,Male
302,46,Male
303,37,Male
304,20,Male
305,40,Male
306,60,Male
307,26,Male
308,29,Male
309,66,Male
310,66,Male
311,56,Male
312,69,Male
313,38,Male
314,42,Male
315,30,Male
316,66,Male
317,36,Male
318,58,Male
319,45,Male
320,47,Male
321,66,Male
322,41,Male
323,41,Male
324,66,Male
325,37,Male
326,70,Male
327,62,Male
328,61,Male
329,48,Male
330,70,Male
331,46,Male
332,31,Male
333,19,Male
334,39,Male
335,41,Male
336,20,Male
337,36,Male
338,32,Male
339,69,Male
340,40,Male
341,40,Male
342,20,Male
343,64,Male
344,27,Male
345,24,Male
346,48,Male
347,49,Male
348,36,Male
349,56,Male
350,37,Male
351,42,Male
352,28,Male
353,27,Male
354,63,Male
355,58,Male
356,37,Male
357,56,Male
358,18,Male
359,48,Male
360,31,Male
361,51,Male
362,65,Male
363,53,Male
364,55,Male
365,62,Male
366,55,Male
367,64,Male
368,52,Male
369,24,Male
370,38,Male
371,59,Male
372,27,Male
373,24,Male
374,23,Male
375,69,Male
376,59,Male
377,51,Male
378,63,Male
379,54,Male
380,32,Male
381,39,Male
382,66,Male
383,28,Male
384,50,Male
385,70,Male
386,67,Male
387,64,Male
388,45,Male
389,22,Male
390,27,Male
391,25,Male
392,37,Male
393,26,Male
394,33,Male
395,43,Male
396,37,Male
397,46,Male
398,22,Male
399,20,Male
400,60,Male
401,39,Male
402,43,Male
403,31,Male
404,19,Male
405,35,Male
406,41,Male
407,52,Male
408,45,Male
409,34,Male
410,35,Male
411,29,Male
412,59,Male
413,24,Male
414,70,Male
415,29,Male
416,67,Male
417,36,Male
418,23,Male
419,18,Male
420,53,Male
421,32,Male
422,38,Male
423,47,Male
424,46,Male
425,66,Male
426,40,Male
427,43,Male
428,58,Male
429,21,Male
430,42,Male
431,24,Male
432,43,Male
433,47,Male
434,49,Male
435,50,Male
436,51,Male
437,40,Male
438,45,Male
439,52,Male
440,62,Male
441,20,Male
442,43,Male
443,29,Male
444,22,Male
445,48,Male
446,42,Male
447,19,Male
448,60,Male
449,32,Male
450,26,Male
451,25,Male
452,66,Male
453,45,Male
454,54,Male
455,37,Male
456,54,Male
457,50,Male
458,25,Male
459,47,Male
460,63,Male
461,64,Male
462,18,Male
463,59,Male
464,37,Male
465,23,Male
466,54,Male
467,38,Male
468,19,Male
469,34,Male
470,21,Male
471,50,Male
472,55,Male
473,20,Male
474,34,Male
475,62,Male
476,21,Male
477,21,Male
478,42,Male
479,35,Male
480,39,Male
481,68,Male
482,46,Male
483,41,Male
484,23,Male
485,68,Male
486,48,Male
487,38,Male
488,41,Male
489,58,Male
490,49,Male
491,57,Male
492,49,Male
493,50,Male
494,28,Male
495,38,Male
496,33,Male
497,30,Male
498,43,Male
499,43,Male
500,36,Male
501,36,Male
502,64,Male
503,59,Male
504,55,Male
505,42,Male
506,61,Male
507,28,Male
508,65,Male
509,27,Male
510,41,Male
511,21,Male
512,61,Male
513,19,Male
514,22,Male
515,64,Male
516,28,Male
517,34,Male
518,61,Male
519,24,Male
520,19,Male
521,51,Male
522,36,Male
523,65,Male
524,46,Male
525,59,Male
526,51,Male
527,51,Male
528,21,Male
529,34,Male
530,32,Male
531,48,Male
532,50,Male
533,26,Male
534,57,Male
535,65,Male
536,56,Male
537,44,Male
538,50,Male
539,27,Male
540,49,Male
541,49,Male
542,52,Male
543,27,Male
544,53,Male
545,34,Male
546,33,Male
547,62,Male
548,38,Male
549,36,Male
550,31,Male
551,62,Male
552,29,Male
553,24,Male
554,63,Male
555,56,Male
556,63,Male
557,40,Male
558,18,Male
559,50,Male
560,66,Male
561,25,Male
562,65,Male
563,53,Male
564,61,Male
565,67,Male
566,59,Male
567,55,Male
568,21,Male
569,44,Male
570,65,Male
571,65,Male
572,54,Male
573,56,Male
574,58,Male
575,54,Male
576,58,Male
577,48,Male
578,19,Male
579,69,Male
580,58,Male
581,49,Male
582,32,Male
583,40,Male
584,25,Male
585,70,Male
586,69,Male
587,45,Male
588,29,Male
589,47,Male
590,28,Male
591,64,Male
592,47,Male
593,60,Male
594,67,Male
595,35,Male
596,30,Male
597,23,Male
598,70,Male
599,21,Male
600,51,Male
601,22,Male
602,32,Male
603,37,Male
604,31,Male
605,44,Male
606,40,Male
607,27,Male
608,47,Male
609,41,Male
610,51,Male
611,53,Male
612,43,Male
613,67,Male
614,61,Male
615,68,Male
616,67,Male
617,29,Male
618,50,Male
619,61,Male
620,19,Male
621,33,Male
622,51,Male
623,69,Male
624,19,Male
625,55,Male
626,49,Male
627,31,Male
628,42,Male
629,69,Male
630,26,Male
631,41,Male
632,55,Male
633,35,Male
634,66,Male
635,36,Male
636,27,Male
637,41,Male
638,21,Male
639,53,Male
640,54,Male
641,53,Male
642,47,Male
643,64,Male
644,18,Male
645,68,Male
646,62,Male
647,51,Male
648,54,Male
649,22,Male
650,53,Male
651,34,Male
652,32,Male
653,64,Male
654,20,Male
655,24,Male
656,20,Male
657,42,Male
658,48,Male
659,62,Male
660,62,Male
661,50,Male
662,57,Male
663,24,Male
664,59,Male
665,63,Male
666,41,Male
667,35,Male
668,34,Male
669,49,Male
670,43,Male
671,63,Male
672,38,Male
673,59,Male
674,35,Male
675,48,Male
676,64,Male
677,28,Male
678,60,Male
679,27,Male
680,56,Male
681,58,Male
682,30,Male
683,23,Male
684,33,Male
685,63,Male
686,70,Male
687,70,Male
688,19,Male
689,25,Male
690,19,Male
691,25,Male
692,60,Male
693,35,Male
694,46,Male
695,41,Male
696,30,Male
697,44,Male
698,61,Male
699,55,Male
700,50,Male
701,57,Male
702,51,Male
703,18,Male
704,63,Male
705,34,Male
706,25,Male
707,46,Male
708,59,Male
709,37,Male
710,49,Male
711,22,Male
712,64,Male
713,42,Male
714,37,Male
715,26,Male
716,33,Male
717,30,Male
718,21,Male
719,22,Male
720,63,Male
721,33,Male
722,43,Male
723,27,Male
724,35,Male
725,37,Male
726,61,Male
727,32,Male
728,62,Male
729,29,Male
730,41,Male
731,48,Male
732,43,Male
733,34,Male
734,45,Male
735,65,Male
736,61,Male
737,18,Male
738,47,Male
739,56,Male
740,64,Male
741,26,Male
742,22,Male
743,64,Male
744,21,Male
745,67,Male
746,46,Male
747,40,Male
748,51,Male
749,35,Male
750,56,Male
751,25,Male
752,65,Male
753,39,Male
754,47,Male
755,36,Male
756,66,Male
757,62,Male
758,41,Male
759,66,Male
760,51,Male
761,33,Male
762,57,Male
763,45,Male
764,61,Male
765,55,Male
766,54,Male
767,57,Male
768,27,Male
769,64,Male
770,52,Male
771,19,Male
772,22,Male
773,18,Male
774,29,Male
775,42,Male
776,49,Male
777,49,Male
778,55,Male
779,29,Male
780,60,Male
781,34,Male
782,30,Male
783,28,Male
784,63,Male
785,31,Male
786,46,Male
787,70,Male
788,53,Male
789,50,Male
790,33,Male
791,22,Male
792,50,Male
793,34,Male
794,24,Male
795,69,Male
796,39,Male
797,42,Male
798,42,Male
799,29,Male
800,55,Male
801,32,Male
802,25,Male
803,38,Male
804,32,Male
805,43,Male
806,41,Male
807,56,Male
808,27,Male
809,46,Male
810,48,Male
811,52,Male
812,18,Male
813,64,Male
814,54,Male
815,31,Male
816,30,Male
817,26,Male
818,25,Male
819,59,Male
820,55,Male
821,56,Male
822,62,Male
823,35,Male
824,51,Male
825,61,Male
826,27,Male
827,54,Male
828,31,Male
829,24,Male
830,42,Male
831,41,Male
832,66,Male
833,58,Male
834,43,Male
835,52,Male
836,35,Male
837,23,Male
838,25,Male
839,33,Male
840,48,Male
841,42,Male
842,55,Male
843,59,Male
844,65,Male
845,59,Male
846,31,Male
847,49,Male
848,53,Male
849,48,Male
850,23,Male
851,68,Male
852,35,Male
853,34,Male
854,62,Male
855,21,Male
856,70,Male
857,55,Male
858,43,Male
859,19,Male
860,47,Male
861,26,Male
862,46,Male
863,19,Male
864,49,Male
865,51,Male
866,64,Male
867,67,Male
868,37,Male
869,40,Male
870,38,Male
871,66,Male
872,47,Male
873,56,Male
874,51,Male
875,25,Male
876,37,Male
877,41,Male
878,64,Male
879,23,Male
880,62,Male
881,39,Male
882,52,Male
883,50,Male
884,28,Male
885,67,Male
886,41,Male
887,19,Male
888,70,Male
889,49,Male
890,59,Male
891,52,Male
892,20,Male
893,31,Male
894,33,Male
895,44,Male
896,40,Male
897,69,Male
898,29,Male
899,54,Male
900,65,Male
901,54,Male
902,60,Male
903,43,Male
904,44,Male
905,69,Male
906,46,Male
907,41,Male
908,32,Male
909,26,Male
910,61,Male
911,49,Male
912,53,Male
913,24,Male
914,37,Male
915,43,Male
916,31,Male
917,49,Male
918,69,Male
919,65,Male
920,41,Male
921,37,Male
922,70,Male
923,63,Male
924,55,Male
925,52,Male
926,22,Male
927,54,Male
928,28,Male
929,67,Male
930,59,Male
931,26,Male
932,24,Male
933,62,Male
934,70,Male
935,45,Male
936,58,Male
937,31,Male
938,32,Male
939,36,Male
940,25,Male
941,48,Male
942,39,Male
943,26,Male
944,32,Male
945,54,Male
946,38,Male
947,46,Male
948,57,Male
949,49,Male
950,33,Male
951,54,Male
952,47,Male
953,36,Male
954,68,Male
955,60,Male
956,55,Male
957,29,Male
958,38,Male
959,70,Male
960,36,Male
961,18,Male
962,62,Male
963,29,Male
964,21,Male
965,42,Male
966,43,Male
967,58,Male
968,27,Male
969,57,Male
970,40,Male
971,45,Male
972,47,Male
973,61,Male
974,60,Male
975,69,Male
976,58,Male
977,34,Male
978,20,Male
979,56,Male
980,64,Male
981,56,Male
982,27,Male
983,35,Male
984,24,Male
985,26,Male
986,32,Male
987,54,Male
988,62,Male
989,50,Male
990,70,Male
991,48,Male
992,20,Male
993,46,Male
994,51,Male
995,53,Male
996,44,Male
997,29,Male
998,64,Male
999,51,Male
1000,50,Male
1001,43,Male
1002,61,Male
1003,55,Male
1004,56,Male
1005,33,Male
1006,43,Male
1007,21,Male
1008,58,Male
1009,41,Male
1010,39,Male
1011,54,Male
1012,43,Male
1013,28,Male
1014,59,Male
1015,28,Male
1016,68,Male
1017,20,Male
1018,21,Male
1019,50,Male
1020,32,Male
1021,24,Male
1022,55,Male
1023,61,Male
1024,61,Male
1025,28,Male
1026,60,Male
1027,49,Male
1028,33,Male
1029,45,Male
1030,29,Male
1031,58,Male
1032,22,Male
1033,55,Male
1034,19,Male
1035,68,Male
1036,61,Male
1037,68,Male
1038,52,Male
1039,41,Male
1040,29,Male
1041,68,Male
1042,36,Male
1043,55,Male
1044,28,Male
1045,39,Male
1046,54,Male
1047,40,Male
1048,31,Male
1049,30,Male
1050,45,Male
1051,48,Male
1052,45,Male
1053,60,Male
1054,59,Male
1055,18,Male
1056,70,Male
1057,20,Male
1058,65,Male
1059,29,Male
1060,22,Male
1061,27,Male
1062,36,Male
1063,59,Male
1064,62,Male
1065,34,Male
1066,59,Male
1067,49,Male
1068,18,Male
1069,55,Male
1070,38,Male
1071,50,Male
1072,61,Male
1073,48,Male
1074,22,Male
1075,48,Male
1076,57,Male
1077,33,Male
1078,58,Male
1079,37,Male
1080,18,Male
1081,65,Male
1082,62,Male
1083,54,Male
1084,35,Male
1085,34,Male
1086,25,Male
1087,53,Male
1088,45,Male
1089,49,Male
1090,40,Male
1091,38,Male
1092,44,Male
1093,68,Male
1094,60,Male
1095,25,Male
1096,19,Male
1097,57,Male
1098,58,Male
1099,49,Male
1100,19,Male
1101,50,Male
1102,30,Male
1103,52,Male
1104,35,Male
1105,35,Male
1106,33,Male
1107,52,Male
1108,69,Male
1109,27,Male
1110,66,Male
1111,28,Male
1112,22,Male
1113,69,Male
1114,28,Male
1115,55,Male
1116,30,Male
1117,67,Male
1118,25,Male
1119,49,Male
1120,34,Male
1121,22,Male
1122,63,Male
1123,70,Male
1124,36,Male
1125,42,Male
1126,27,Male
1127,23,Male
1128,50,Male
1129,56,Male
1130,37,Male
1131,67,Male
1132,67,Male
1133,50,Male
1134,36,Male
1135,62,Male
1136,65,Male
1137,23,Male
1138,46,Male
1139,18,Male
1140,58,Male
1141,31,Male
1142,39,Male
1143,69,Male
1144,68,Male
1145,41,Male
1146,31,Male
1147,48,Male
1148,59,Male
1149,34,Male
1150,21,Male
1151,29,Male
1152,41,Male
1153,62,Male
1154,27,Male
1155,49,Male
1156,67,Male
1157,20,Male
1158,37,Male
1159,69,Male
1160,66,Male
1161,37,Male
1162,63,Male
1163,47,Male
1164,26,Male
1165,68,Male
1166,51,Male
1167,48,Male
1168,60,Male
1169,68,Male
1170,25,Male
1171,57,Male
1172,41,Male
1173,59,Male
1174,44,Male
1175,42,Male
1176,35,Male
1177,36,Male
1178,54,Male
1179,37,Male
1180,20,Male
1181,23,Male
1182,61,Male
1183,37,Male
1184,23,Male
1185,63,Male
1186,47,Male
1187,63,Male
1188,56,Male
1189,68,Male
1190,64,Male
1191,62,Male
1192,34,Male
1193,49,Male
1194,40,Male
1195,50,Male
1196,25,Male
1197,30,Male
1198,54,Male
1199,40,Male
1200,49,Male
1201,27,Male
1202,27,Male
1203,48,Male
1204,40,Male
1205,67,Male
1206,52,Male
1207,22,Male
1208,62,Male
1209,20,Male
1210,41,Male
1211,34,Male
1212,23,Male
1213,32,Male
1214,68,Male
1215,30,Male
1216,66,Male
1217,62,Male
1218,50,Male
1219,55,Male
1220,19,Male
1221,67,Male
1222,18,Male
1223,58,Male
1224,69,Male
1225,62,Male
1226,28,Male
1227,53,Male
1228,27,Male
1229,55,Male
1230,34,Male
1231,25,Male
1232,66,Male
1233,57,Male
1234,46,Male
1235,38,Male
1236,23,Male
1237,42,Male
1238,25,Male
1239,55,Male
1240,62,Male
1241,41,Male
1242,58,Male
1243,56,Male
1244,25,Male
1245,70,Male
1246,42,Male
1247,27,Male
1248,65,Male
1249,62,Male
1250,62,Male
1251,52,Male
1252,56,Male
1253,28,Male
1254,39,Male
1255,54,Male
1256,30,Male
1257,45,Male
1258,68,Male
1259,47,Male
1260,68,Male
1261,63,Male
1262,20,Male
1263,29,Male
1264,41,Male
1265,52,Male
1266,32,Male
1267,20,Male
1268,47,Male
1269,23,Male
1270,43,Male
1271,67,Male
1272,70,Male
1273,35,Male
1274,41,Male
1275,54,Male
1276,55,Male
1277,51,Male
1278,19,Male
1279,28,Male
1280,63,Male
1281,30,Male
1282,29,Male
1283,24,Male
1284,69,Male
1285,65,Male
1286,64,Male
1287,40,Male
1288,24,Male
1289,66,Male
1290,35,Male
1291,67,Male
1292,69,Male
1293,26,Male
1294,23,Male
1295,27,Male
1296,30,Male
1297,48,Male
1298,44,Male
1299,29,Male
1300,29,Male
1301,67,Male
1302,42,Male
1303,23,Male
1304,34,Male
1305,64,Male
1306,31,Male
1307,54,Male
1308,23,Male
1309,59,Male
1310,32,Male
1311,43,Male
1312,32,Male
1313,66,Male
1314,70,Male
1315,42,Male
1316,56,Male
1317,28,Male
1318,28,Male
1319,52,Male
1320,65,Male
1321,56,Male
1322,59,Male
1323,23,Male
1324,58,Male
1325,39,Male
1326,28,Male
1327,40,Male
1328,52,Male
1329,37,Male
1330,70,Male
1331,30,Male
1332,38,Male
1333,66,Male
1334,29,Male
1335,46,Male
1336,56,Male
1337,23,Male
1338,37,Male
1339,56,Male
1340,36,Male
1341,40,Male
1342,26,Male
1343,57,Male
1344,68,Male
1345,56,Male
1346,40,Male
1347,44,Male
1348,44,Male
1349,19,Male
1350,21,Male
1351,31,Male
1352,30,Male
1353,65,Male
1354,39,Male
1355,64,Male
1356,59,Male
1357,49,Male
1358,24,Male
1359,19,Male
1360,27,Male
1361,56,Male
1362,49,Male
1363,41,Male
1364,36,Male
1365,68,Male
1366,28,Male
1367,45,Male
1368,60,Male
1369,21,Male
1370,32,Male
1371,27,Male
1372,40,Male
1373,64,Male
1374,18,Male
1375,22,Male
1376,42,Male
1377,57,Male
1378,33,Male
1379,37,Male
1380,21,Male
1381,51,Male
1382,30,Male
1383,68,Male
1384,36,Male
1385,46,Male
1386,41,Male
1387,68,Male
1388,21,Male
1389,62,Male
1390,59,Male
1391,25,Male
1392,53,Male
1393,31,Male
1394,46,Male
1395,26,Male
1396,47,Male
1397,37,Male
1398,55,Male
1399,30,Male
1400,19,Male
1401,36,Male
1402,23,Male
1403,62,Male
1404,26,Male
1405,36,Male
1406,33,Male
1407,32,Male
1408,56,Male
1409,58,Male
1410,34,Male
1411,61,Male
1412,48,Male
1413,25,Male
1414,51,Male
1415,29,Male
1416,54,Male
1417,48,Male
1418,62,Male
1419,18,Male
1420,43,Male
1421,22,Male
1422,68,Male
1423,44,Male
1424,51,Male
1425,66,Male
1426,59,Male
1427,60,Male
1428,31,Male
1429,20,Male
1430,24,Male
1431,48,Male
1432,39,Male
1433,34,Male
1434,70,Male
1435,59,Male
1436,45,Male
1437,35,Male
1438,69,Male
1439,58,Male
1440,25,Male
1441,27,Male
1442,34,Male
1443,53,Male
1444,58,Male
1445,32,Male
1446,64,Male
1447,63,Male
1448,23,Male
1449,64,Male
1450,18,Male
1451,25,Male
1452,54,Male
1453,60,Male
1454,36,Male
1455,66,Male
1456,60,Male
1457,59,Male
1458,58,Male
1459,35,Male
1460,20,Male
1461,70,Male
1462,54,Male
1463,38,Male
1464,54,Male
1465,33,Male
1466,46,Male
1467,58,Male
1468,30,Male
1469,42,Male
1470,28,Male
1471,43,Male
1472,31,Male
1473,39,Male
1474,69,Male
1475,31,Male
1476,44,Male
1477,39,Male
1478,24,Male
1479,28,Male
1480,48,Male
1481,39,Male
1482,64,Male
1483,28,Male
1484,39,Male
1485,49,Male
1486,22,Male
1487,25,Male
1488,40,Male
1489,23,Male
1490,24,Male
1491,66,Male
1492,27,Male
1493,62,Male
1494,70,Male
1495,43,Male
1496,45,Male
1497,63,Male
1498,69,Male
1499,59,Male
1500,19,Male
1501,63,Male
1502,37,Male
1503,37,Male
1504,50,Male
1505,60,Male
1506,46,Male
1507,35,Male
1508,66,Male
1509,35,Male
1510,20,Male
1511,55,Male
1512,34,Male
1513,60,Male
1514,22,Male
1515,26,Male
1516,39,Male
1517,20,Male
1518,57,Male
1519,68,Male
1520,50,Male
1521,21,Male
1522,29,Male
1523,38,Male
1524,54,Male
1525,22,Male
1526,29,Male
1527,41,Male
1528,26,Male
1529,69,Male
1530,20,Male
1531,59,Male
1532,63,Male
1533,68,Male
1534,50,Male
1535,55,Male
1536,36,Male
1537,18,Male
1538,68,Male
1539,56,Male
1540,32,Male
1541,28,Male
1542,24,Male
1543,59,Male
1544,56,Male
1545,30,Male
1546,48,Male
1547,60,Male
1548,46,Male
1549,69,Male
1550,19,Male
1551,66,Male
1552,64,Male
1553,54,Male
1554,27,Male
1555,64,Male
1556,43,Male
1557,43,Male
1558,27,Male
1559,35,Male
1560,43,Male
1561,57,Male
1562,50,Male
1563,37,Male
1564,68,Male
1565,22,Male
1566,58,Male
1567,48,Male
1568,30,Male
1569,51,Male
1570,20,Male
1571,30,Male
1572,28,Male
1573,37,Male
1574,36,Male
1575,18,Male
1576,52,Male
1577,56,Male
1578,68,Male
1579,62,Male
1580,35,Male
1581,65,Male
1582,69,Male
1583,28,Male
1584,37,Male
1585,41,Male
1586,37,Male
1587,25,Male
1588,41,Male
1589,48,Male
1590,42,Male
1591,54,Male
1592,18,Male
1593,56,Male
1594,61,Male
1595,40,Male
1596,34,Male
1597,42,Male
1598,43,Male
1599,47,Male
1600,48,Male
1601,20,Male
1602,65,Male
1603,54,Male
1604,23,Male
1605,18,Male
1606,70,Male
1607,55,Male
1608,49,Male
1609,26,Male
1610,33,Male
1611,20,Male
1612,41,Male
1613,18,Male
1614,26,Male
1615,30,Male
1616,64,Male
1617,26,Male
1618,43,Male
1619,63,Male
1620,57,Male
1621,25,Male
1622,68,Male
1623,31,Male
1624,64,Male
1625,38,Male
1626,34,Male
1627,32,Male
1628,69,Male
1629,45,Male
1630,35,Male
1631,63,Male
1632,65,Male
1633,35,Male
1634,54,Male
1635,28,Male
1636,68,Male
1637,58,Male
1638,35,Male
1639,68,Male
1640,41,Male
1641,65,Male
1642,50,Male
1643,18,Male
1644,38,Male
1645,68,Male
1646,53,Male
1647,58,Male
1648,34,Male
1649,36,Male
1650,58,Male
1651,60,Male
1652,59,Male
1653,65,Male
1654,31,Male
1655,43,Male
1656,37,Male
1657,21,Male
1658,69,Male
1659,32,Male
1660,53,Male
1661,59,Male
1662,64,Male
1663,63,Male
1664,43,Male
1665,19,Male
1666,40,Male
1667,51,Male
1668,51,Male
1669,66,Male
1670,42,Male
1671,22,Male
1672,31,Male
1673,18,Male
1674,21,Male
1675,35,Male
1676,35,Male
1677,27,Male
1678,65,Male
1679,41,Male
1680,60,Male
1681,61,Male
1682,24,Male
1683,65,Male
1684,23,Male
1685,30,Male
1686,33,Male
1687,22,Male
1688,67,Male
1689,28,Male
1690,32,Male
1691,40,Male
1692,64,Male
1693,56,Male
1694,63,Male
1695,20,Male
1696,54,Male
1697,31,Male
1698,36,Male
1699,25,Male
1700,20,Male
1701,62,Male
1702,69,Male
1703,54,Male
1704,39,Male
1705,56,Male
1706,39,Male
1707,37,Male
1708,25,Male
1709,35,Male
1710,45,Male
1711,19,Male
1712,21,Male
1713,65,Male
1714,49,Male
1715,30,Male
1716,23,Male
1717,69,Male
1718,29,Male
1719,54,Male
1720,45,Male
1721,25,Male
1722,34,Male
1723,46,Male
1724,70,Male
1725,42,Male
1726,45,Male
1727,57,Male
1728,49,Male
1729,23,Male
1730,47,Male
1731,23,Male
1732,21,Male
1733,45,Male
1734,67,Male
1735,31,Male
1736,58,Male
1737,57,Male
1738,42,Male
1739,60,Male
1740,21,Male
1741,69,Male
1742,41,Male
1743,51,Male
1744,23,Male
1745,57,Male
1746,40,Male
1747,65,Male
1748,61,Male
1749,34,Male
1750,43,Male
1751,31,Male
1752,57,Male
1753,34,Male
1754,25,Male
1755,66,Male
1756,56,Male
1757,49,Male
1758,19,Male
1759,27,Male
1760,68,Male
1761,20,Male
1762,21,Male
1763,36,Male
1764,37,Male
1765,61,Male
1766,68,Male
1767,60,Male
1768,69,Male
1769,25,Male
1770,32,Male
1771,53,Male
1772,46,Male
1773,58,Male
1774,21,Male
1775,46,Male
1776,18,Male
1777,56,Male
1778,18,Male
1779,49,Male
1780,29,Male
1781,67,Male
1782,31,Male
1783,52,Male
1784,42,Male
1785,32,Male
1786,47,Male
1787,45,Male
1788,20,Male
1789,66,Male
1790,52,Male
1791,50,Male
1792,62,Male
1793,38,Male
1794,65,Male
1795,60,Male
1796,68,Male
1797,62,Male
1798,62,Male
1799,40,Male
1800,32,Male
1801,22,Male
1802,33,Male
1803,57,Male
1804,60,Male
1805,30,Male
1806,41,Male
1807,58,Male
1808,34,Male
1809,67,Male
1810,58,Male
1811,41,Male
1812,42,Male
1813,50,Male
1814,40,Male
1815,32,Male
1816,51,Male
1817,26,Male
1818,32,Male
1819,58,Male
1820,51,Male
1821,19,Male
1822,57,Male
1823,66,Male
1824,62,Male
1825,58,Male
1826,23,Male
1827,45,Male
1828,20,Male
1829,33,Male
1830,30,Male
1831,50,Male
1832,62,Male
1833,69,Male
1834,34,Male
1835,49,Male
1836,65,Male
1837,66,Male
1838,41,Male
1839,37,Male
1840,32,Male
1841,42,Male
1842,31,Male
1843,61,Male
1844,36,Male
1845,60,Male
1846,51,Male
1847,68,Male
1848,46,Male
1849,19,Male
1850,30,Male
1851,51,Male
1852,28,Male
1853,41,Male
1854,29,Male
1855,25,Male
1856,60,Male
1857,63,Male
1858,51,Male
1859,22,Male
1860,54,Male
1861,18,Male
1862,29,Male
1863,59,Male
1864,25,Male
1865,19,Male
1866,56,Male
1867,31,Male
1868,45,Male
1869,23,Male
1870,18,Male
1871,43,Male
1872,56,Male
1873,43,Male
1874,64,Male
1875,67,Male
1876,63,Male
1877,54,Male
1878,69,Male
1879,34,Male
1880,56,Male
1881,34,Male
1882,58,Male
1883,44,Male
1884,25,Male
1885,27,Male
1886,26,Male
1887,18,Male
1888,64,Male
1889,62,Male
1890,59,Male
1891,36,Male
1892,69,Male
1893,39,Male
1894,28,Male
1895,42,Male
1896,31,Male
1897,57,Male
1898,53,Male
1899,59,Male
1900,32,Male
1901,65,Male
1902,56,Male
1903,31,Male
1904,59,Male
1905,22,Male
1906,47,Male
1907,23,Male
1908,69,Male
1909,18,Male
1910,50,Male
1911,29,Male
1912,65,Male
1913,29,Male
1914,49,Male
1915,28,Male
1916,51,Male
1917,26,Male
1918,38,Male
1919,35,Male
1920,34,Male
1921,51,Male
1922,47,Male
1923,18,Male
1924,64,Male
1925,30,Male
1926,59,Male
1927,66,Male
1928,40,Male
1929,25,Male
1930,59,Male
1931,66,Male
1932,54,Male
1933,42,Male
1934,48,Male
1935,34,Male
1936,19,Male
1937,70,Male
1938,43,Male
1939,46,Male
1940,66,Male
1941,50,Male
1942,55,Male
1943,63,Male
1944,32,Male
1945,30,Male
1946,35,Male
1947,59,Male
1948,59,Male
1949,54,Male
1950,63,Male
1951,43,Male
1952,33,Male
1953,57,Male
1954,25,Male
1955,26,Male
1956,50,Male
1957,70,Male
1958,68,Male
1959,39,Male
1960,46,Male
1961,57,Male
1962,47,Male
1963,40,Male
1964,52,Male
1965,40,Male
1966,67,Male
1967,67,Male
1968,37,Male
1969,67,Male
1970,64,Male
1971,28,Male
1972,54,Male
1973,54,Male
1974,24,Male
1975,27,Male
1976,53,Male
1977,32,Male
1978,24,Male
1979,45,Male
1980,49,Male
1981,51,Male
1982,69,Male
1983,41,Male
1984,59,Male
1985,26,Male
1986,23,Male
1987,62,Male
1988,69,Male
1989,46,Male
1990,35,Male
1991,32,Male
1992,46,Male
1993,33,Male
1994,32,Male
1995,33,Male
1996,67,Male
1997,67,Male
1998,42,Male
1999,20,Male
2000,39,Male
2001,26,Male
2002,51,Male
2003,31,Male
2004,68,Male
2005,44,Male
2006,18,Male
2007,58,Male
2008,26,Male
2009,57,Male
2010,37,Male
2011,24,Male
2012,57,Male
2013,48,Male
2014,39,Male
2015,51,Male
2016,57,Male
2017,53,Male
2018,70,Male
2019,60,Male
2020,31,Male
2021,41,Male
2022,62,Male
2023,59,Male
2024,46,Male
2025,62,Male
2026,42,Male
2027,37,Male
2028,50,Male
2029,29,Male
2030,25,Male
2031,66,Male
2032,21,Male
2033,46,Male
2034,57,Male
2035,61,Male
2036,53,Male
2037,37,Male
2038,39,Male
2039,53,Male
2040,35,Male
2041,69,Male
2042,66,Male
2043,19,Male
2044,47,Male
2045,49,Male
2046,31,Male
2047,39,Male
2048,58,Male
2049,45,Male
2050,68,Male
2051,35,Male
2052,65,Male
2053,45,Male
2054,19,Male
2055,65,Male
2056,28,Male
2057,55,Male
2058,66,Male
2059,29,Male
2060,56,Male
2061,21,Male
2062,32,Male
2063,54,Male
2064,61,Male
2065,31,Male
2066,27,Male
2067,64,Male
2068,60,Male
2069,70,Male
2070,36,Male
2071,56,Male
2072,69,Male
2073,39,Male
2074,38,Male
2075,36,Male
2076,46,Male
2077,59,Male
2078,64,Male
2079,49,Male
2080,32,Male
2081,29,Male
2082,24,Male
2083,41,Male
2084,41,Male
2085,32,Male
2086,69,Male
2087,65,Male
2088,54,Male
2089,39,Male
2090,37,Male
2091,51,Male
2092,26,Male
2093,42,Male
2094,21,Male
2095,53,Male
2096,36,Male
2097,21,Male
2098,33,Male
2099,49,Male
2100,31,Male
2101,68,Male
2102,49,Male
2103,23,Male
2104,30,Male
2105,53,Male
2106,65,Male
2107,60,Male
2108,46,Male
2109,54,Male
2110,59,Male
2111,52,Male
2112,41,Male
2113,43,Male
2114,63,Male
2115,37,Male
2116,44,Male
2117,67,Male
2118,27,Male
2119,60,Male
2120,58,Male
2121,53,Male
2122,43,Male
2123,32,Male
2124,54,Male
2125,47,Male
2126,57,Male
2127,63,Male
2128,70,Male
2129,62,Male
2130,40,Male
2131,25,Male
2132,19,Male
2133,25,Male
2134,21,Male
2135,55,Male
2136,34,Male
2137,47,Male
2138,27,Male
2139,67,Male
2140,40,Male
2141,53,Male
2142,24,Male
2143,47,Male
2144,53,Male
2145,47,Male
2146,38,Male
2147,48,Male
2148,47,Male
2149,19,Male
2150,38,Male
2151,57,Male
2152,70,Male
2153,38,Male
2154,35,Male
2155,46,Male
2156,32,Male
2157,38,Male
2158,41,Male
2159,19,Male
2160,18,Male
2161,45,Male
2162,23,Male
2163,60,Male
2164,52,Male
2165,42,Male
2166,29,Male
2167,31,Male
2168,30,Male
2169,23,Male
2170,31,Male
2171,40,Male
2172,39,Male
2173,28,Male
2174,23,Male
2175,42,Male
2176,68,Male
2177,24,Male
2178,24,Male
2179,21,Male
2180,49,Male
2181,41,Male
2182,22,Male
2183,42,Male
2184,30,Male
2185,38,Male
2186,40,Male
2187,55,Male
2188,37,Male
2189,41,Male
2190,38,Male
2191,42,Male
2192,26,Male
2193,41,Male
2194,27,Male
2195,61,Male
2196,58,Male
2197,25,Male
2198,33,Male
2199,57,Male
2200,39,Male
2201,60,Male
2202,39,Male
2203,42,Male
2204,53,Male
2205,20,Male
2206,46,Male
2207,46,Male
2208,69,Male
2209,28,Male
2210,42,Male
2211,30,Male
2212,50,Male
2213,59,Male
2214,54,Male
2215,50,Male
2216,25,Male
2217,41,Male
2218,35,Male
2219,67,Male
2220,33,Male
2221,19,Male
2222,25,Male
2223,32,Male
2224,30,Male
2225,18,Male
2226,38,Male
2227,22,Male
2228,40,Male
2229,54,Male
2230,70,Male
2231,52,Male
2232,34,Male
2233,65,Male
2234,38,Male
2235,35,Male
2236,40,Male
2237,23,Male
2238,45,Male
2239,40,Male
2240,42,Male
2241,57,Male
2242,18,Male
2243,18,Male
2244,56,Male
2245,35,Male
2246,49,Male
2247,49,Male
2248,34,Male
2249,63,Male
2250,42,Male
2251,41,Male
2252,26,Male
2253,48,Male
2254,62,Male
2255,24,Male
2256,48,Male
2257,31,Male
2258,41,Male
2259,24,Male
2260,60,Male
2261,38,Male
2262,58,Male
2263,53,Male
2264,44,Male
2265,51,Male
2266,36,Male
2267,20,Male
2268,32,Male
2269,66,Male
2270,49,Male
2271,27,Male
2272,29,Male
2273,29,Male
2274,55,Male
2275,57,Male
2276,29,Male
2277,31,Male
2278,25,Male
2279,61,Male
2280,53,Male
2281,22,Male
2282,28,Male
2283,18,Male
2284,44,Male
2285,32,Male
2286,34,Male
2287,67,Male
2288,66,Male
2289,28,Male
2290,70,Male
2291,37,Male
2292,28,Male
2293,43,Male
2294,37,Male
2295,54,Male
2296,50,Male
2297,46,Male
2298,60,Male
2299,40,Male
2300,64,Male
2301,18,Male
2302,37,Male
2303,36,Male
2304,51,Male
2305,26,Male
2306,68,Male
2307,27,Male
2308,28,Male
2309,49,Male
2310,70,Male
2311,30,Male
2312,27,Male
2313,19,Male
2314,64,Male
2315,42,Male
2316,69,Male
2317,28,Male
2318,47,Male
2319,69,Male
2320,56,Male
2321,28,Male
2322,50,Male
2323,39,Male
2324,35,Male
2325,59,Male
2326,44,Male
2327,66,Male
2328,20,Male
2329,45,Male
2330,49,Male
2331,60,Male
2332,61,Male
2333,36,Male
2334,33,Male
2335,49,Male
2336,31,Male
2337,19,Male
2338,39,Male
2339,66,Male
2340,25,Male
2341,63,Male
2342,56,Male
2343,20,Male
2344,58,Male
2345,34,Male
2346,28,Male
2347,22,Male
2348,37,Male
2349,54,Male
2350,65,Male
2351,57,Male
2352,38,Male
2353,70,Male
2354,56,Male
2355,56,Male
2356,22,Male
2357,57,Male
2358,53,Male
2359,53,Male
2360,19,Male
2361,49,Male
2362,44,Male
2363,27,Male
2364,60,Male
2365,62,Male
2366,52,Male
2367,30,Male
2368,66,Male
2369,29,Male
2370,24,Male
2371,51,Male
2372,67,Male
2373,50,Male
2374,37,Male
2375,69,Male
2376,60,Male
2377,21,Male
2378,44,Male
2379,26,Male
2380,40,Male
2381,41,Male
2382,62,Male
2383,39,Male
2384,53,Male
2385,24,Male
2386,41,Male
2387,19,Male
2388,36,Male
2389,21,Male
2390,25,Male
2391,65,Male
2392,42,Male
2393,40,Male
2394,58,Male
2395,40,Male
2396,62,Male
2397,38,Male
2398,37,Male
2399,65,Male
2400,55,Male
2401,43,Male
2402,43,Male
2403,45,Male
2404,64,Male
2405,28,Male
2406,69,Male
2407,54,Male
2408,52,Male
2409,23,Male
2410,26,Male
2411,48,Male
2412,49,Male
2413,53,Male
2414,69,Male
2415,26,Male
2416,21,Male
2417,59,Male
2418,21,Male
2419,22,Male
2420,26,Male
2421,41,Male
2422,37,Male
2423,30,Male
2424,49,Male
2425,49,Male
2426,58,Male
2427,70,Male
2428,27,Male
2429,65,Male
2430,57,Male
2431,20,Male
2432,34,Male
2433,59,Male
2434,54,Male
2435,36,Male
2436,21,Male
2437,52,Male
2438,43,Male
2439,32,Male
2440,55,Male
2441,31,Male
2442,45,Male
2443,53,Male
2444,24,Male
2445,47,Male
2446,63,Male
2447,38,Male
2448,59,Male
2449,54,Male
2450,26,Male
2451,68,Male
2452,41,Male
2453,68,Male
2454,21,Male
2455,32,Male
2456,20,Male
2457,59,Male
2458,53,Male
2459,66,Male
2460,47,Male
2461,58,Male
2462,28,Male
2463,68,Male
2464,60,Male
2465,47,Male
2466,18,Male
2467,32,Male
2468,27,Male
2469,65,Male
2470,68,Male
2471,55,Male
2472,30,Male
2473,24,Male
2474,57,Male
2475,23,Male
2476,69,Male
2477,60,Male
2478,25,Male
2479,18,Male
2480,37,Male
2481,61,Male
2482,41,Male
2483,69,Male
2484,32,Male
2485,60,Male
2486,43,Male
2487,61,Male
2488,57,Male
2489,56,Male
2490,66,Male
2491,52,Male
2492,63,Male
2493,50,Male
2494,21,Male
2495,42,Male
2496,40,Male
2497,67,Male
2498,35,Male
2499,18,Male
2500,52,Male
2501,59,Male
2502,49,Male
2503,46,Male
2504,69,Male
2505,56,Male
2506,27,Male
2507,57,Male
2508,58,Male
2509,23,Male
2510,19,Male
2511,40,Male
2512,54,Male
2513,50,Male
2514,69,Male
2515,42,Male
2516,37,Male
2517,46,Male
2518,64,Male
2519,20,Male
2520,40,Male
2521,64,Male
2522,29,Male
2523,20,Male
2524,43,Male
2525,60,Male
2526,39,Male
2527,47,Male
2528,19,Male
2529,52,Male
2530,34,Male
2531,25,Male
2532,43,Male
2533,55,Male
2534,66,Male
2535,41,Male
2536,47,Male
2537,51,Male
2538,44,Male
2539,18,Male
2540,33,Male
2541,24,Male
2542,33,Male
2543,61,Male
2544,27,Male
2545,46,Male
2546,38,Male
2547,63,Male
2548,47,Male
2549,42,Male
2550,41,Male
2551,53,Male
2552,29,Male
2553,61,Male
2554,69,Male
2555,51,Male
2556,24,Male
2557,24,Male
2558,70,Male
2559,49,Male
2560,48,Male
2561,58,Male
2562,32,Male
2563,57,Male
2564,69,Male
2565,42,Male
2566,30,Male
2567,35,Male
2568,19,Male
2569,52,Male
2570,42,Male
2571,36,Male
2572,45,Male
2573,54,Male
2574,54,Male
2575,27,Male
2576,53,Male
2577,20,Male
2578,52,Male
2579,54,Male
2580,65,Male
2581,43,Male
2582,57,Male
2583,19,Male
2584,69,Male
2585,26,Male
2586,57,Male
2587,20,Male
2588,55,Male
2589,44,Male
2590,52,Male
2591,57,Male
2592,40,Male
2593,23,Male
2594,36,Male
2595,59,Male
2596,29,Male
2597,63,Male
2598,60,Male
2599,64,Male
2600,63,Male
2601,21,Male
2602,61,Male
2603,65,Male
2604,69,Male
2605,47,Male
2606,41,Male
2607,68,Male
2608,41,Male
2609,42,Male
2610,66,Male
2611,66,Male
2612,33,Male
2613,55,Male
2614,58,Male
2615,18,Male
2616,49,Male
2617,61,Male
2618,31,Male
2619,70,Male
2620,68,Male
2621,27,Male
2622,48,Male
2623,63,Male
2624,49,Male
2625,19,Male
2626,30,Male
2627,50,Male
2628,66,Male
2629,25,Male
2630,61,Male
2631,29,Male
2632,53,Male
2633,24,Male
2634,51,Male
2635,26,Male
2636,59,Male
2637,41,Male
2638,20,Male
2639,22,Male
2640,18,Male
2641,30,Male
2642,25,Male
2643,39,Male
2644,49,Male
2645,25,Male
2646,23,Male
2647,33,Male
2648,60,Male
2649,51,Male
2650,23,Male
2651,20,Male
2652,51,Male
2653,23,Female
2654,67,Female
2655,23,Female
2656,26,Female
2657,52,Female
2658,52,Female
2659,52,Female
2660,35,Female
2661,24,Female
2662,43,Female
2663,25,Female
2664,46,Female
2665,22,Female
2666,70,Female
2667,49,Female
2668,48,Female
2669,59,Female
2670,39,Female
2671,30,Female
2672,37,Female
2673,56,Female
2674,67,Female
2675,40,Female
2676,24,Female
2677,43,Female
2678,45,Female
2679,33,Female
2680,53,Female
2681,44,Female
2682,23,Female
2683,59,Female
2684,68,Female
2685,46,Female
2686,56,Female
2687,40,Female
2688,61,Female
2689,53,Female
2690,29,Female
2691,44,Female
2692,43,Female
2693,40,Female
2694,55,Female
2695,66,Female
2696,50,Female
2697,57,Female
2698,42,Female
2699,55,Female
2700,25,Female
2701,22,Female
2702,49,Female
2703,70,Female
2704,56,Female
2705,52,Female
2706,65,Female
2707,24,Female
2708,32,Female
2709,57,Female
2710,35,Female
2711,69,Female
2712,30,Female
2713,37,Female
2714,19,Female
2715,53,Female
2716,25,Female
2717,47,Female
2718,18,Female
2719,22,Female
2720,69,Female
2721,55,Female
2722,19,Female
2723,23,Female
2724,54,Female
2725,52,Female
2726,64,Female
2727,33,Female
2728,40,Female
2729,26,Female
2730,31,Female
2731,23,Female
2732,52,Female
2733,21,Female
2734,31,Female
2735,63,Female
2736,46,Female
2737,44,Female
2738,57,Female
2739,50,Female
2740,33,Female
2741,19,Female
2742,68,Female
2743,27,Female
2744,61,Female
2745,38,Female
2746,28,Female
2747,39,Female
2748,18,Female
2749,24,Female
2750,64,Female
2751,51,Female
2752,27,Female
2753,48,Female
2754,69,Female
2755,59,Female
2756,59,Female
2757,42,Female
2758,39,Female
2759,32,Female
2760,68,Female
2761,41,Female
2762,31,Female
2763,58,Female
2764,28,Female
2765,63,Female
2766,64,Female
2767,66,Female
2768,31,Female
2769,55,Female
2770,32,Female
2771,50,Female
2772,58,Female
2773,18,Female
2774,39,Female
2775,56,Female
2776,37,Female
2777,46,Female
2778,52,Female
2779,70,Female
2780,61,Female
2781,33,Female
2782,65,Female
2783,41,Female
2784,19,Female
2785,33,Female
2786,53,Female
2787,54,Female
2788,36,Female
2789,56,Female
2790,28,Female
2791,34,Female
2792,43,Female
2793,54,Female
2794,37,Female
2795,33,Female
2796,33,Female
2797,55,Female
2798,63,Female
2799,52,Female
2800,23,Female
2801,70,Female
2802,64,Female
2803,22,Female
2804,46,Female
2805,65,Female
2806,18,Female
2807,45,Female
2808,56,Female
2809,49,Female
2810,66,Female
2811,27,Female
2812,69,Female
2813,66,Female
2814,45,Female
2815,31,Female
2816,33,Female
2817,43,Female
2818,25,Female
2819,46,Female
2820,67,Female
2821,26,Female
2822,35,Female
2823,61,Female
2824,26,Female
2825,39,Female
2826,69,Female
2827,32,Female
2828,20,Female
2829,25,Female
2830,56,Female
2831,63,Female
2832,34,Female
2833,29,Female
2834,43,Female
2835,39,Female
2836,33,Female
2837,51,Female
2838,65,Female
2839,51,Female
2840,70,Female
2841,40,Female
2842,19,Female
2843,28,Female
2844,51,Female
2845,32,Female
2846,26,Female
2847,50,Female
2848,68,Female
2849,33,Female
2850,56,Female
2851,57,Female
2852,58,Female
2853,40,Female
2854,37,Female
2855,36,Female
2856,29,Female
2857,65,Female
2858,44,Female
2859,34,Female
2860,31,Female
2861,28,Female
2862,66,Female
2863,68,Female
2864,37,Female
2865,58,Female
2866,28,Female
2867,54,Female
2868,21,Female
2869,45,Female
2870,57,Female
2871,47,Female
2872,46,Female
2873,63,Female
2874,44,Female
2875,36,Female
2876,24,Female
2877,65,Female
2878,32,Female
2879,63,Female
2880,62,Female
2881,19,Female
2882,38,Female
2883,59,Female
2884,22,Female
2885,55,Female
2886,29,Female
2887,42,Female
2888,23,Female
2889,70,Female
2890,64,Female
2891,39,Female
2892,47,Female
2893,22,Female
2894,69,Female
2895,35,Female
2896,56,Female
2897,30,Female
2898,43,Female
2899,23,Female
2900,50,Female
2901,41,Female
2902,41,Female
2903,27,Female
2904,38,Female
2905,41,Female
2906,58,Female
2907,58,Female
2908,19,Female
2909,43,Female
2910,27,Female
2911,32,Female
2912,28,Female
2913,48,Female
2914,43,Female
2915,45,Female
2916,26,Female
2917,62,Female
2918,58,Female
2919,19,Female
2920,64,Female
2921,33,Female
2922,20,Female
2923,45,Female
2924,28,Female
2925,47,Female
2926,54,Female
2927,64,Female
2928,45,Female
2929,40,Female
2930,31,Female
2931,38,Female
2932,36,Female
2933,65,Female
2934,27,Female
2935,38,Female
2936,58,Female
2937,31,Female
2938,28,Female
2939,28,Female
2940,32,Female
2941,61,Female
2942,38,Female
2943,54,Female
2944,29,Female
2945,50,Female
2946,32,Female
2947,38,Female
2948,52,Female
2949,61,Female
2950,25,Female
2951,22,Female
2952,47,Female
2953,50,Female
2954,45,Female
2955,33,Female
2956,42,Female
2957,52,Female
2958,69,Female
2959,55,Female
2960,38,Female
2961,57,Female
2962,33,Female
2963,57,Female
2964,52,Female
2965,44,Female
2966,48,Female
2967,52,Female
2968,34,Female
2969,26,Female
2970,36,Female
2971,24,Female
2972,30,Female
2973,31,Female
2974,25,Female
2975,57,Female
2976,61,Female
2977,30,Female
2978,38,Female
2979,53,Female
2980,31,Female
2981,70,Female
2982,21,Female
2983,33,Female
2984,60,Female
2985,45,Female
2986,46,Female
2987,62,Female
2988,63,Female
2989,69,Female
2990,46,Female
2991,69,Female
2992,66,Female
2993,41,Female
2994,32,Female
2995,69,Female
2996,29,Female
2997,70,Female
2998,41,Female
2999,31,Female
3000,31,Female
3001,57,Female
3002,29,Female
3003,70,Female
3004,51,Female
3005,45,Female
3006,18,Female
3007,37,Female
3008,23,Female
3009,39,Female
3010,62,Female
3011,70,Female
3012,20,Female
3013,42,Female
3014,41,Female
3015,24,Female
3016,37,Female
3017,30,Female
3018,58,Female
3019,43,Female
3020,19,Female
3021,23,Female
3022,65,Female
3023,58,Female
3024,50,Female
3025,67,Female
3026,40,Female
3027,55,Female
3028,52,Female
3029,62,Female
3030,64,Female
3031,43,Female
3032,61,Female
3033,26,Female
3034,22,Female
3035,51,Female
3036,69,Female
3037,50,Female
3038,51,Female
3039,56,Female
3040,59,Female
3041,18,Female
3042,48,Female
3043,53,Female
3044,45,Female
3045,21,Female
3046,42,Female
3047,60,Female
3048,21,Female
3049,69,Female
3050,40,Female
3051,31,Female
3052,44,Female
3053,48,Female
3054,32,Female
3055,42,Female
3056,27,Female
3057,69,Female
3058,67,Female
3059,41,Female
3060,46,Female
3061,47,Female
3062,33,Female
3063,51,Female
3064,26,Female
3065,22,Female
3066,49,Female
3067,58,Female
3068,70,Female
3069,32,Female
3070,62,Female
3071,52,Female
3072,23,Female
3073,26,Female
3074,58,Female
3075,26,Female
3076,54,Female
3077,66,Female
3078,60,Female
3079,32,Female
3080,48,Female
3081,69,Female
3082,64,Female
3083,56,Female
3084,22,Female
3085,46,Female
3086,24,Female
3087,47,Female
3088,62,Female
3089,34,Female
3090,50,Female
3091,29,Female
3092,68,Female
3093,52,Female
3094,29,Female
3095,22,Female
3096,62,Female
3097,69,Female
3098,48,Female
3099,66,Female
3100,42,Female
3101,50,Female
3102,32,Female
3103,51,Female
3104,27,Female
3105,43,Female
3106,48,Female
3107,62,Female
3108,65,Female
3109,50,Female
3110,60,Female
3111,19,Female
3112,21,Female
3113,19,Female
3114,46,Female
3115,21,Female
3116,26,Female
3117,50,Female
3118,43,Female
3119,61,Female
3120,63,Female
3121,46,Female
3122,63,Female
3123,23,Female
3124,57,Female
3125,57,Female
3126,33,Female
3127,57,Female
3128,55,Female
3129,65,Female
3130,60,Female
3131,52,Female
3132,34,Female
3133,33,Female
3134,58,Female
3135,35,Female
3136,68,Female
3137,58,Female
3138,34,Female
3139,47,Female
3140,35,Female
3141,34,Female
3142,36,Female
3143,23,Female
3144,68,Female
3145,23,Female
3146,57,Female
3147,21,Female
3148,45,Female
3149,37,Female
3150,18,Female
3151,55,Female
3152,52,Female
3153,49,Female
3154,56,Female
3155,27,Female
3156,22,Female
3157,18,Female
3158,21,Female
3159,30,Female
3160,62,Female
3161,28,Female
3162,66,Female
3163,66,Female
3164,49,Female
3165,40,Female
3166,49,Female
3167,19,Female
3168,24,Female
3169,31,Female
3170,35,Female
3171,65,Female
3172,68,Female
3173,57,Female
3174,69,Female
3175,45,Female
3176,35,Female
3177,36,Female
3178,55,Female
3179,66,Female
3180,57,Female
3181,18,Female
3182,31,Female
3183,50,Female
3184,50,Female
3185,61,Female
3186,52,Female
3187,38,Female
3188,67,Female
3189,42,Female
3190,25,Female
3191,41,Female
3192,62,Female
3193,19,Female
3194,63,Female
3195,43,Female
3196,68,Female
3197,24,Female
3198,27,Female
3199,61,Female
3200,59,Female
3201,67,Female
3202,46,Female
3203,65,Female
3204,63,Female
3205,57,Female
3206,40,Female
3207,36,Female
3208,67,Female
3209,61,Female
3210,64,Female
3211,30,Female
3212,53,Female
3213,27,Female
3214,27,Female
3215,53,Female
3216,34,Female
3217,39,Female
3218,44,Female
3219,37,Female
3220,57,Female
3221,38,Female
3222,21,Female
3223,45,Female
3224,68,Female
3225,37,Female
3226,53,Female
3227,57,Female
3228,28,Female
3229,37,Female
3230,54,Female
3231,49,Female
3232,62,Female
3233,45,Female
3234,45,Female
3235,49,Female
3236,27,Female
3237,63,Female
3238,61,Female
3239,25,Female
3240,33,Female
3241,56,Female
3242,50,Female
3243,45,Female
3244,45,Female
3245,65,Female
3246,63,Female
3247,70,Female
3248,53,Female
3249,22,Female
3250,26,Female
3251,23,Female
3252,25,Female
3253,69,Female
3254,36,Female
3255,21,Female
3256,57,Female
3257,60,Female
3258,44,Female
3259,31,Female
3260,57,Female
3261,39,Female
3262,48,Female
3263,42,Female
3264,56,Female
3265,28,Female
3266,40,Female
3267,49,Female
3268,37,Female
3269,22,Female
3270,27,Female
3271,59,Female
3272,35,Female
3273,58,Female
3274,58,Female
3275,46,Female
3276,43,Female
3277,39,Female
3278,59,Female
3279,59,Female
3280,59,Female
3281,45,Female
3282,27,Female
3283,24,Female
3284,47,Female
3285,70,Female
3286,58,Female
3287,45,Female
3288,24,Female
3289,67,Female
3290,31,Female
3291,52,Female
3292,29,Female
3293,62,Female
3294,19,Female
3295,62,Female
3296,70,Female
3297,20,Female
3298,67,Female
3299,65,Female
3300,45,Female
3301,26,Female
3302,36,Female
3303,36,Female
3304,20,Female
3305,30,Female
3306,34,Female
3307,63,Female
3308,18,Female
3309,55,Female
3310,48,Female
3311,45,Female
3312,29,Female
3313,55,Female
3314,55,Female
3315,55,Female
3316,48,Female
3317,42,Female
3318,21,Female
3319,45,Female
3320,23,Female
3321,66,Female
3322,32,Female
3323,52,Female
3324,54,Female
3325,37,Female
3326,29,Female
3327,47,Female
3328,47,Female
3329,42,Female
3330,34,Female
3331,38,Female
3332,55,Female
3333,27,Female
3334,55,Female
3335,66,Female
3336,44,Female
3337,39,Female
3338,23,Female
3339,29,Female
3340,20,Female
3341,42,Female
3342,55,Female
3343,66,Female
3344,24,Female
3345,62,Female
3346,28,Female
3347,30,Female
3348,22,Female
3349,28,Female
3350,35,Female
3351,45,Female
3352,43,Female
3353,55,Female
3354,31,Female
3355,42,Female
3356,40,Female
3357,39,Female
3358,41,Female
3359,56,Female
3360,43,Female
3361,22,Female
3362,47,Female
3363,50,Female
3364,58,Female
3365,50,Female
3366,43,Female
3367,38,Female
3368,44,Female
3369,30,Female
3370,47,Female
3371,30,Female
3372,49,Female
3373,56,Female
3374,70,Female
3375,22,Female
3376,51,Female
3377,22,Female
3378,37,Female
3379,49,Female
3380,61,Female
3381,41,Female
3382,57,Female
3383,34,Female
3384,27,Female
3385,39,Female
3386,62,Female
3387,34,Female
3388,53,Female
3389,35,Female
3390,38,Female
3391,32,Female
3392,47,Female
3393,53,Female
3394,60,Female
3395,31,Female
3396,44,Female
3397,29,Female
3398,19,Female
3399,54,Female
3400,40,Female
3401,39,Female
3402,44,Female
3403,22,Female
3404,30,Female
3405,69,Female
3406,28,Female
3407,57,Female
3408,46,Female
3409,48,Female
3410,24,Female
3411,50,Female
3412,29,Female
3413,61,Female
3414,34,Female
3415,27,Female
3416,38,Female
3417,25,Female
3418,54,Female
3419,53,Female
3420,23,Female
3421,19,Female
3422,57,Female
3423,19,Female
3424,33,Female
3425,33,Female
3426,38,Female
3427,47,Female
3428,39,Female
3429,32,Female
3430,27,Female
3431,67,Female
3432,46,Female
3433,36,Female
3434,62,Female
3435,31,Female
3436,68,Female
3437,57,Female
3438,22,Female
3439,26,Female
3440,43,Female
3441,45,Female
3442,64,Female
3443,28,Female
3444,47,Female
3445,53,Female
3446,42,Female
3447,51,Female
3448,62,Female
3449,18,Female
3450,48,Female
3451,20,Female
3452,32,Female
3453,26,Female
3454,31,Female
3455,55,Female
3456,49,Female
3457,42,Female
3458,64,Female
3459,68,Female
3460,68,Female
3461,41,Female
3462,51,Female
3463,44,Female
3464,27,Female
3465,36,Female
3466,19,Female
3467,49,Female
3468,18,Female
3469,36,Female
3470,36,Female
3471,19,Female
3472,43,Female
3473,31,Female
3474,63,Female
3475,41,Female
3476,48,Female
3477,68,Female
3478,53,Female
3479,36,Female
3480,46,Female
3481,21,Female
3482,52,Female
3483,66,Female
3484,19,Female
3485,44,Female
3486,50,Female
3487,51,Female
3488,25,Female
3489,62,Female
3490,48,Female
3491,62,Female
3492,22,Female
3493,48,Female
3494,48,Female
3495,62,Female
3496,24,Female
3497,39,Female
3498,35,Female
3499,47,Female
3500,22,Female
3501,38,Female
3502,53,Female
3503,31,Female
3504,31,Female
3505,65,Female
3506,48,Female
3507,18,Female
3508,46,Female
3509,52,Female
3510,50,Female
3511,49,Female
3512,69,Female
3513,36,Female
3514,30,Female
3515,25,Female
3516,19,Female
3517,34,Female
3518,29,Female
3519,50,Female
3520,31,Female
3521,41,Female
3522,52,Female
3523,27,Female
3524,49,Female
3525,69,Female
3526,45,Female
3527,20,Female
3528,25,Female
3529,38,Female
3530,55,Female
3531,62,Female
3532,54,Female
3533,61,Female
3534,50,Female
3535,65,Female
3536,68,Female
3537,55,Female
3538,57,Female
3539,56,Female
3540,29,Female
3541,24,Female
3542,59,Female
3543,62,Female
3544,58,Female
3545,64,Female
3546,48,Female
3547,60,Female
3548,52,Female
3549,63,Female
3550,44,Female
3551,63,Female
3552,66,Female
3553,22,Female
3554,62,Female
3555,39,Female
3556,25,Female
3557,70,Female
3558,52,Female
3559,68,Female
3560,18,Female
3561,18,Female
3562,63,Female
3563,47,Female
3564,43,Female
3565,60,Female
3566,49,Female
3567,28,Female
3568,32,Female
3569,29,Female
3570,35,Female
3571,23,Female
3572,70,Female
3573,23,Female
3574,43,Female
3575,29,Female
3576,61,Female
3577,29,Female
3578,66,Female
3579,46,Female
3580,34,Female
3581,51,Female
3582,26,Female
3583,23,Female
3584,52,Female
3585,39,Female
3586,39,Female
3587,33,Female
3588,33,Female
3589,23,Female
3590,31,Female
3591,27,Female
3592,48,Female
3593,61,Female
3594,63,Female
3595,19,Female
3596,21,Female
3597,28,Female
3598,29,Female
3599,23,Female
3600,37,Female
3601,67,Female
3602,34,Female
3603,58,Female
3604,45,Female
3605,63,Female
3606,68,Female
3607,41,Female
3608,50,Female
3609,24,Female
3610,21,Female
3611,18,Female
3612,63,Female
3613,47,Female
3614,58,Female
3615,46,Female
3616,35,Female
3617,42,Female
3618,48,Female
3619,28,Female
3620,44,Female
3621,60,Female
3622,38,Female
3623,46,Female
3624,39,Female
3625,22,Female
3626,44,Female
3627,69,Female
3628,39,Female
3629,53,Female
3630,52,Female
3631,65,Female
3632,48,Female
3633,27,Female
3634,39,Female
3635,59,Female
3636,52,Female
3637,50,Female
3638,32,Female
3639,40,Female
3640,26,Female
3641,47,Female
3642,51,Female
3643,47,Female
3644,53,Female
3645,35,Female
3646,38,Female
3647,69,Female
3648,47,Female
3649,31,Female
3650,68,Female
3651,51,Female
3652,20,Female
3653,27,Female
3654,67,Female
3655,21,Female
3656,20,Female
3657,35,Female
3658,58,Female
3659,28,Female
3660,27,Female
3661,19,Female
3662,63,Female
3663,69,Female
3664,65,Female
3665,63,Female
3666,28,Female
3667,67,Female
3668,51,Female
3669,59,Female
3670,25,Female
3671,31,Female
3672,62,Female
3673,51,Female
3674,32,Female
3675,35,Female
3676,70,Female
3677,19,Female
3678,32,Female
3679,56,Female
3680,53,Female
3681,22,Female
3682,26,Female
3683,42,Female
3684,30,Female
3685,29,Female
3686,47,Female
3687,59,Female
3688,34,Female
3689,52,Female
3690,47,Female
3691,24,Female
3692,63,Female
3693,59,Female
3694,66,Female
3695,45,Female
3696,38,Female
3697,63,Female
3698,55,Female
3699,25,Female
3700,51,Female
3701,28,Female
3702,46,Female
3703,58,Female
3704,30,Female
3705,68,Female
3706,28,Female
3707,26,Female
3708,35,Female
3709,40,Female
3710,31,Female
3711,60,Female
3712,69,Female
3713,51,Female
3714,49,Female
3715,18,Female
3716,63,Female
3717,57,Female
3718,45,Female
3719,36,Female
3720,20,Female
3721,21,Female
3722,62,Female
3723,23,Female
3724,26,Female
3725,30,Female
3726,18,Female
3727,47,Female
3728,41,Female
3729,62,Female
3730,28,Female
3731,46,Female
3732,54,Female
3733,36,Female
3734,25,Female
3735,38,Female
3736,38,Female
3737,42,Female
3738,19,Female
3739,34,Female
3740,38,Female
3741,42,Female
3742,58,Female
3743,56,Female
3744,62,Female
3745,24,Female
3746,60,Female
3747,53,Female
3748,26,Female
3749,34,Female
3750,24,Female
3751,42,Female
3752,36,Female
3753,24,Female
3754,39,Female
3755,46,Female
3756,64,Female
3757,64,Female
3758,61,Female
3759,61,Female
3760,44,Female
3761,65,Female
3762,60,Female
3763,65,Female
3764,27,Female
3765,36,Female
3766,22,Female
3767,62,Female
3768,59,Female
3769,50,Female
3770,51,Female
3771,23,Female
3772,21,Female
3773,44,Female
3774,25,Female
3775,57,Female
3776,41,Female
3777,19,Female
3778,43,Female
3779,25,Female
3780,60,Female
3781,54,Female
3782,52,Female
3783,40,Female
3784,39,Female
3785,54,Female
3786,64,Female
3787,31,Female
3788,37,Female
3789,43,Female
3790,56,Female
3791,27,Female
3792,40,Female
3793,43,Female
3794,62,Female
3795,44,Female
3796,45,Female
3797,40,Female
3798,68,Female
3799,63,Female
3800,60,Female
3801,19,Female
3802,26,Female
3803,70,Female
3804,48,Female
3805,37,Female
3806,48,Female
3807,18,Female
3808,38,Female
3809,33,Female
3810,57,Female
3811,46,Female
3812,46,Female
3813,50,Female
3814,61,Female
3815,45,Female
3816,32,Female
3817,29,Female
3818,66,Female
3819,70,Female
3820,36,Female
3821,34,Female
3822,20,Female
3823,70,Female
3824,50,Female
3825,54,Female
3826,49,Female
3827,50,Female
3828,62,Female
3829,42,Female
3830,69,Female
3831,22,Female
3832,36,Female
3833,64,Female
3834,44,Female
3835,43,Female
3836,58,Female
3837,62,Female
3838,45,Female
3839,47,Female
3840,66,Female
3841,30,Female
3842,68,Female
3843,35,Female
3844,64,Female
3845,30,Female
3846,58,Female
3847,57,Female
3848,60,Female
3849,22,Female
3850,46,Female
3851,27,Female
3852,50,Female
3853,65,Female
3854,61,Female
3855,57,Female
3856,40,Female
3857,39,Female
3858,42,Female
3859,30,Female
3860,65,Female
3861,57,Female
3862,64,Female
3863,56,Female
3864,40,Female
3865,55,Female
3866,25,Female
3867,58,Female
3868,46,Female
3869,18,Female
3870,26,Female
3871,61,Female
3872,55,Female
3873,41,Female
3874,42,Female
3875,70,Female
3876,63,Female
3877,60,Female
3878,28,Female
3879,60,Female
3880,26,Female
3881,42,Female
3882,56,Female
3883,35,Female
3884,34,Female
3885,47,Female
3886,49,Female
3887,37,Female
3888,40,Female
3889,45,Female
3890,57,Female
3891,35,Female
3892,36,Female
3893,35,Female
3894,21,Female
3895,66,Female
3896,40,Female
3897,52,Female
3898,46,Female
3899,44,Female
3900,52,Female
