Customer ID,Location
1,Kentucky
2,Maine
3,Massachusetts
4,Rhode Island
5,Oregon
6,Wyoming
7,Montana
8,Louisiana
9,West Virginia
10,Missouri
11,Arkansas
12,Hawaii
13,Delaware
14,New Hampshire
15,New York
16,Rhode Island
17,Alabama
18,Mississippi
19,Montana
20,Rhode Island
21,Louisiana
22,North Carolina
23,California
24,Oklahoma
25,Florida
26,Texas
27,Nevada
28,Kentucky
29,North Carolina
30,Wyoming
31,North Carolina
32,West Virginia
33,Kansas
34,Colorado
35,North Dakota
36,Massachusetts
37,Illinois
38,Indiana
39,Florida
40,Arizona
41,Louisiana
42,Alaska
43,Tennessee
44,Ohio
45,Kentucky
46,Tennessee
47,California
48,Montana
49,Nevada
50,New Jersey
51,Maryland
52,Vermont
53,Alaska
54,Mississippi
55,New Mexico
56,South Carolina
57,Mississippi
58,West Virginia
59,Missouri
60,Louisiana
61,Idaho
62,Texas
63,Mississippi
64,Arizona
65,Alabama
66,New Jersey
67,Pennsylvania
68,Connecticut
69,Utah
70,Tennessee
71,Alabama
72,Virginia
73,Georgia
74,Hawaii
75,Indiana
76,Utah
77,Delaware
78,Delaware
79,Nebraska
80,Iowa
81,New York
82,Virginia
83,Georgia
84,Texas
85,Arizona
86,New Mexico
87,Nevada
88,Ohio
89,Wyoming
90,California
91,South Carolina
92,South Carolina
93,Texas
94,Florida
95,Nevada
96,Missouri
97,Delaware
98,Virginia
99,New York
100,Missouri
101,South Dakota
102,North Dakota
103,Oklahoma
104,West Virginia
105,New Hampshire
106,New York
107,Minnesota
108,Maryland
109,Montana
110,Alabama
111,New York
112,Massachusetts
113,Florida
114,New Jersey
115,Massachusetts
116,Wyoming
117,Virginia
118,South Dakota
119,Kentucky
120,Wyoming
121,West Virginia
122,Virginia
123,Washington
124,Louisiana
125,Nevada
126,California
127,Mississippi
128,Mississippi
129,California
130,Pennsylvania
131,Kentucky
132,Maine
133,New Mexico
134,Montana
135,Texas
136,Kansas
137,South Carolina
138,Colorado
139,Georgia
140,Florida
141,North Carolina
142,Virginia
143,Nebraska
144,Missouri
145,New Jersey
146,Missouri
147,Colorado
148,Idaho
149,Wyoming
150,Delaware
151,California
152,North Dakota
153,South Carolina
154,North Carolina
155,Oklahoma
156,Maine
157,Missouri
158,Vermont
159,Connecticut
160,New Hampshire
161,Texas
162,North Dakota
163,California
164,Virginia
165,Delaware
166,Kentucky
167,Delaware
168,Arkansas
169,Louisiana
170,Nevada
171,Wyoming
172,Virginia
173,Nebraska
174,Hawaii
175,Vermont
176,Oklahoma
177,New Hampshire
178,Kansas
179,Idaho
180,Illinois
181,South Dakota
182,Massachusetts
183,Alabama
184,Ohio
185,Hawaii
186,Wisconsin
187,Minnesota
188,Georgia
189,Arkansas
190,West Virginia
191,Indiana
192,Utah
193,Nebraska
194,North Dakota
195,Missouri
196,New York
197,Washington
198,South Carolina
199,Utah
200,Idaho
201,Pennsylvania
202,Missouri
203,Nebraska
204,Indiana
205,Arizona
206,Hawaii
207,Wisconsin
208,Rhode Island
209,Wisconsin
210,Minnesota
211,Vermont
212,South Dakota
213,Virginia
214,Nevada
215,Hawaii
216,New Jersey
217,Massachusetts
218,Oklahoma
219,California
220,Nevada
221,Arizona
222,North Carolina
223,New York
224,Wyoming
225,South Dakota
226,Arkansas
227,Texas
228,Rhode Island
229,New Hampshire
230,Ohio
231,Utah
232,Tennessee
233,Hawaii
234,Arizona
235,South Dakota
236,New Jersey
237,North Dakota
238,Iowa
239,Ohio
240,Vermont
241,Montana
242,Delaware
243,New York
244,Kentucky
245,Oregon
246,Rhode Island
247,Nevada
248,Montana
249,Pennsylvania
250,Alaska
251,Mississippi
252,Wyoming
253,Delaware
254,Oklahoma
255,Indiana
256,Maryland
257,South Dakota
258,West Virginia
259,Alabama
260,Louisiana
261,Montana
262,California
263,Hawaii
264,Iowa
265,Colorado
266,Michigan
267,Louisiana
268,Maryland
269,Georgia
270,Georgia
271,North Dakota
272,Maryland
273,Oregon
274,North Dakota
275,Maryland
276,Virginia
277,South Dakota
278,Georgia
279,Hawaii
280,Arkansas
281,Montana
282,Oklahoma
283,Minnesota
284,Montana
285,Ohio
286,Kentucky
287,Nebraska
288,Delaware
289,North Carolina
290,New York
291,Colorado
292,Delaware
293,Utah
294,Connecticut
295,New Jersey
296,West Virginia
297,Indiana
298,Delaware
299,Maryland
300,Pennsylvania
301,Iowa
302,Pennsylvania
303,Delaware
304,Oregon
305,Oregon
306,Utah
307,North Dakota
308,Florida
309,Maryland
310,Minnesota
311,Montana
312,Rhode Island
313,Massachusetts
314,Vermont
315,New Jersey
316,Wisconsin
317,California
318,West Virginia
319,South Dakota
320,Maine
321,Kansas
322,Vermont
323,Tennessee
324,Tennessee
325,Wyoming
326,Vermont
327,New Jersey
328,Iowa
329,Florida
330,Nevada
331,North Dakota
332,Florida
333,New York
334,Alaska
335,Kansas
336,Oregon
337,Rhode Island
338,New Mexico
339,Massachusetts
340,Pennsylvania
341,New Jersey
342,Utah
343,Kentucky
344,Nebraska
345,Virginia
346,Wyoming
347,New Mexico
348,Oregon
349,South Carolina
350,Arizona
351,Kentucky
352,New York
353,Texas
354,Missouri
355,Pennsylvania
356,Oregon
357,Nevada
358,Arkansas
359,Minnesota
360,Georgia
361,Rhode Island
362,Nevada
363,Texas
364,Florida
365,North Dakota
366,West Virginia
367,Nebraska
368,Tennessee
369,Oklahoma
370,Wisconsin
371,Oregon
372,North Carolina
373,Pennsylvania
374,North Dakota
375,Ohio
376,Oklahoma
377,South Carolina
378,Maine
379,Nevada
380,Montana
381,New Hampshire
382,Maine
383,California
384,West Virginia
385,California
386,West Virginia
387,Louisiana
388,Georgia
389,Washington
390,Virginia
391,Indiana
392,Minnesota
393,Idaho
394,Vermont
395,North Dakota
396,Rhode Island
397,South Carolina
398,Mississippi
399,Montana
400,Idaho
401,Utah
402,Oklahoma
403,California
404,Nevada
405,Delaware
406,South Carolina
407,Maryland
408,North Carolina
409,Alabama
410,Minnesota
411,Virginia
412,Michigan
413,Maine
414,Nevada
415,Wyoming
416,Connecticut
417,Oregon
418,Mississippi
419,Illinois
420,Utah
421,North Carolina
422,Kentucky
423,Minnesota
424,New York
425,Illinois
426,North Dakota
427,Louisiana
428,Illinois
429,Wyoming
430,Washington
431,Texas
432,New Hampshire
433,Indiana
434,Alabama
435,Oklahoma
436,Montana
437,Tennessee
438,New Mexico
439,Iowa
440,Idaho
441,Oklahoma
442,Florida
443,Michigan
444,Hawaii
445,California
446,Iowa
447,West Virginia
448,Washington
449,Missouri
450,New York
451,Connecticut
452,Virginia
453,Missouri
454,Nebraska
455,New Jersey
456,Utah
457,North Carolina
458,Rhode Island
459,Arkansas
460,Maryland
461,South Carolina
462,Ohio
463,Illinois
464,Georgia
465,Alabama
466,Oklahoma
467,Vermont
468,Nebraska
469,Georgia
470,Alabama
471,Minnesota
472,Missouri
473,Georgia
474,West Virginia
475,Arkansas
476,Ohio
477,Connecticut
478,North Dakota
479,Kansas
480,Iowa
481,Vermont
482,Wisconsin
483,Connecticut
484,Oklahoma
485,Missouri
486,Tennessee
487,New Mexico
488,Iowa
489,Maine
490,South Dakota
491,Colorado
492,Vermont
493,Michigan
494,Nevada
495,Indiana
496,Michigan
497,California
498,Oklahoma
499,Iowa
500,Rhode Island
501,Washington
502,Florida
503,South Carolina
504,West Virginia
505,Missouri
506,Maine
507,Georgia
508,Maine
509,Illinois
510,Delaware
511,West Virginia
512,Hawaii
513,New York
514,New Mexico
515,Indiana
516,Kentucky
517,West Virginia
518,North Dakota
519,Oregon
520,Minnesota
521,South Carolina
522,Vermont
523,Minnesota
524,Delaware
525,Pennsylvania
526,Iowa
527,New Jersey
528,South Carolina
529,Maryland
530,California
531,Montana
532,Vermont
533,Texas
534,North Carolina
535,Florida
536,West Virginia
537,Illinois
538,Virginia
539,Virginia
540,Wyoming
541,South Carolina
542,Connecticut
543,Illinois
544,Alabama
545,Washington
546,Alabama
547,New Mexico
548,Nevada
549,Nebraska
550,Arizona
551,Georgia
552,Idaho
553,Missouri
554,Florida
555,Minnesota
556,Maine
557,Montana
558,Alaska
559,Iowa
560,Arizona
561,Louisiana
562,Alabama
563,Missouri
564,Idaho
565,Florida
566,Idaho
567,Alabama
568,New Hampshire
569,Utah
570,Alabama
571,Iowa
572,Kentucky
573,South Carolina
574,California
575,Maine
576,Nebraska
577,Washington
578,Alabama
579,Maine
580,California
581,Iowa
582,Iowa
583,Colorado
584,California
585,Indiana
586,South Carolina
587,Wisconsin
588,Washington
589,South Dakota
590,Minnesota
591,Alaska
592,Kentucky
593,North Dakota
594,Alaska
595,Oklahoma
596,Delaware
597,Montana
598,Alaska
599,California
600,Massachusetts
601,South Carolina
602,West Virginia
603,Oregon
604,Massachusetts
605,West Virginia
606,California
607,Colorado
608,Indiana
609,Delaware
610,Ohio
611,Oklahoma
612,California
613,New Hampshire
614,Pennsylvania
615,Idaho
616,Maryland
617,Pennsylvania
618,Colorado
619,Indiana
620,Nebraska
621,Rhode Island
622,Kansas
623,Georgia
624,Nevada
625,South Carolina
626,Delaware
627,New Hampshire
628,Oregon
629,Massachusetts
630,Vermont
631,Mississippi
632,Washington
633,Wyoming
634,Minnesota
635,Ohio
636,South Carolina
637,Wisconsin
638,Tennessee
639,Maryland
640,Mississippi
641,Minnesota
642,Alaska
643,Arkansas
644,Oregon
645,Louisiana
646,Oklahoma
647,Indiana
648,Mississippi
649,Michigan
650,Delaware
651,Florida
652,Arkansas
653,Minnesota
654,North Dakota
655,California
656,Mississippi
657,Pennsylvania
658,Arizona
659,Louisiana
660,Virginia
661,Montana
662,Iowa
663,Illinois
664,Alaska
665,Colorado
666,New Mexico
667,Colorado
668,Arizona
669,Hawaii
670,Illinois
671,Louisiana
672,Iowa
673,Washington
674,Oklahoma
675,Washington
676,Arkansas
677,Connecticut
678,Washington
679,Maine
680,Michigan
681,Tennessee
682,Louisiana
683,Missouri
684,Michigan
685,Alabama
686,Massachusetts
687,Indiana
688,West Virginia
689,Michigan
690,Pennsylvania
691,Alaska
692,Massachusetts
693,North Dakota
694,Vermont
695,Kentucky
696,Nevada
697,Utah
698,North Dakota
699,Iowa
700,Connecticut
701,Wisconsin
702,Idaho
703,Montana
704,Connecticut
705,Idaho
706,Arkansas
707,Iowa
708,Louisiana
709,Kentucky
710,Massachusetts
711,Virginia
712,New Hampshire
713,New Hampshire
714,Oregon
715,South Dakota
716,Delaware
717,Missouri
718,Alaska
719,Florida
720,Mississippi
721,New Mexico
722,California
723,Wyoming
724,Missouri
725,New Hampshire
726,Texas
727,North Dakota
728,Arkansas
729,Nebraska
730,Minnesota
731,Massachusetts
732,Arkansas
733,New Hampshire
734,Rhode Island
735,New Jersey
736,Montana
737,Colorado
738,Nebraska
739,Minnesota
740,Minnesota
741,South Dakota
742,West Virginia
743,Nevada
744,North Carolina
745,Illinois
746,Michigan
747,Michigan
748,Oklahoma
749,South Dakota
750,Oklahoma
751,Maryland
752,Ohio
753,Ohio
754,Massachusetts
755,North Carolina
756,Florida
757,Montana
758,Minnesota
759,Massachusetts
760,Rhode Island
761,Minnesota
762,Nevada
763,New Mexico
764,North Carolina
765,Virginia
766,Alaska
767,Nevada
768,Pennsylvania
769,Illinois
770,Delaware
771,Vermont
772,Hawaii
773,Illinois
774,California
775,Nevada
776,Kentucky
777,Alabama
778,Wyoming
779,Massachusetts
780,Utah
781,New York
782,Vermont
783,Hawaii
784,Louisiana
785,Alabama
786,Louisiana
787,Indiana
788,Michigan
789,Rhode Island
790,Idaho
791,Louisiana
792,North Carolina
793,New Jersey
794,Alabama
795,Kentucky
796,New York
797,Arizona
798,Maryland
799,Alaska
800,Nevada
801,Utah
802,New Mexico
803,Delaware
804,Connecticut
805,Mississippi
806,Connecticut
807,Florida
808,New York
809,Wisconsin
810,South Carolina
811,South Dakota
812,Illinois
813,Alaska
814,Montana
815,Minnesota
816,West Virginia
817,Illinois
818,Nevada
819,Idaho
820,Colorado
821,Louisiana
822,Vermont
823,Mississippi
824,Georgia
825,Georgia
826,Nebraska
827,Massachusetts
828,Colorado
829,Nevada
830,Idaho
831,Wyoming
832,Washington
833,California
834,Oklahoma
835,Nevada
836,Maryland
837,West Virginia
838,Illinois
839,Kentucky
840,Illinois
841,Alabama
842,Texas
843,Missouri
844,Pennsylvania
845,Missouri
846,Michigan
847,Kentucky
848,New Jersey
849,Delaware
850,Missouri
851,Connecticut
852,Massachusetts
853,Florida
854,Delaware
855,California
856,Oregon
857,Alaska
858,Missouri
859,Oklahoma
860,Wisconsin
861,South Carolina
862,Virginia
863,Arkansas
864,Vermont
865,Kentucky
866,Colorado
867,New Mexico
868,Colorado
869,North Carolina
870,New Hampshire
871,West Virginia
872,Hawaii
873,North Dakota
874,Mississippi
875,Maine
876,North Dakota
877,Nebraska
878,Nebraska
879,Tennessee
880,Wyoming
881,Nevada
882,South Carolina
883,Virginia
884,Pennsylvania
885,Hawaii
886,Ohio
887,Utah
888,Minnesota
889,New Hampshire
890,Arizona
891,New York
892,Pennsylvania
893,New Mexico
894,Nebraska
895,Wyoming
896,Mississippi
897,Arkansas
898,Illinois
899,Nevada
900,Rhode Island
901,West Virginia
902,Missouri
903,Kentucky
904,Washington
905,Alaska
906,Mississippi
907,South Carolina
908,Missouri
909,New Jersey
910,Louisiana
911,South Carolina
912,Vermont
913,Arkansas
914,Utah
915,Washington
916,Rhode Island
917,Illinois
918,Missouri
919,North Carolina
920,Massachusetts
921,Arkansas
922,South Dakota
923,Georgia
924,Arkansas
925,Kansas
926,Arizona
927,Massachusetts
928,New Mexico
929,Arkansas
930,Nebraska
931,Hawaii
932,Nebraska
933,Indiana
934,Colorado
935,Oregon
936,Ohio
937,Maine
938,Iowa
939,Wisconsin
940,New York
941,Colorado
942,Illinois
943,Arizona
944,Oklahoma
945,Indiana
946,Minnesota
947,Pennsylvania
948,Indiana
949,Alabama
950,Montana
951,New Mexico
952,Alaska
953,Idaho
954,Utah
955,Louisiana
956,Mississippi
957,Mississippi
958,Indiana
959,Washington
960,Nevada
961,Louisiana
962,Pennsylvania
963,Michigan
964,South Carolina
965,Arizona
966,Delaware
967,Kentucky
968,Georgia
969,North Carolina
970,California
971,California
972,Indiana
973,Colorado
974,Colorado
975,North Carolina
976,Washington
977,Florida
978,Washington
979,Colorado
980,New Hampshire
981,Maryland
982,Maryland
983,Texas
984,New Mexico
985,Utah
986,West Virginia
987,Connecticut
988,West Virginia
989,Ohio
990,Texas
991,Washington
992,Wisconsin
993,Louisiana
994,Iowa
995,New York
996,Idaho
997,Delaware
998,Kentucky
999,Connecticut
1000,New Mexico
1001,Georgia
1002,Washington
1003,North Dakota
1004,Ohio
1005,Tennessee
1006,New York
1007,Michigan
1008,Georgia
1009,New Mexico
1010,Louisiana
1011,South Dakota
1012,Montana
1013,New Mexico
1014,South Carolina
1015,Ohio
1016,North Carolina
1017,Idaho
1018,Oklahoma
1019,Georgia
1020,Kentucky
1021,Delaware
1022,Massachusetts
1023,Nebraska
1024,Maine
1025,Pennsylvania
1026,Nebraska
1027,Virginia
1028,Ohio
1029,Nebraska
1030,Ohio
1031,Kentucky
1032,Tennessee
1033,Maine
1034,Montana
1035,Maryland
1036,Georgia
1037,Hawaii
1038,Rhode Island
1039,Nebraska
1040,Michigan
1041,North Carolina
1042,Minnesota
1043,Maryland
1044,Hawaii
1045,Oregon
1046,New Mexico
1047,Illinois
1048,Utah
1049,Maine
1050,Virginia
1051,Florida
1052,Ohio
1053,Virginia
1054,Kansas
1055,Arkansas
1056,Massachusetts
1057,Idaho
1058,Wisconsin
1059,New Mexico
1060,North Carolina
1061,Iowa
1062,Idaho
1063,Ohio
1064,Alabama
1065,Wyoming
1066,Alabama
1067,Mississippi
1068,Pennsylvania
1069,Wyoming
1070,Maryland
1071,North Carolina
1072,Pennsylvania
1073,Idaho
1074,California
1075,Tennessee
1076,Missouri
1077,North Dakota
1078,West Virginia
1079,Arizona
1080,Oklahoma
1081,Pennsylvania
1082,Idaho
1083,South Carolina
1084,Washington
1085,Arkansas
1086,Utah
1087,Alaska
1088,West Virginia
1089,Louisiana
1090,Arizona
1091,Connecticut
1092,North Carolina
1093,South Dakota
1094,Delaware
1095,Connecticut
1096,Tennessee
1097,New Hampshire
1098,Vermont
1099,Idaho
1100,North Carolina
1101,Nevada
1102,Delaware
1103,Texas
1104,Tennessee
1105,Delaware
1106,Massachusetts
1107,Minnesota
1108,Texas
1109,Nebraska
1110,Oklahoma
1111,Texas
1112,New York
1113,Washington
1114,Maryland
1115,New Hampshire
1116,New York
1117,Hawaii
1118,California
1119,Indiana
1120,Louisiana
1121,Pennsylvania
1122,Florida
1123,North Carolina
1124,Massachusetts
1125,Iowa
1126,North Dakota
1127,Iowa
1128,Delaware
1129,New York
1130,New Hampshire
1131,Kentucky
1132,Illinois
1133,North Carolina
1134,Connecticut
1135,Wisconsin
1136,Massachusetts
1137,Illinois
1138,New Mexico
1139,Iowa
1140,Alabama
1141,Maryland
1142,Ohio
1143,Ohio
1144,Nevada
1145,South Carolina
1146,Nevada
1147,Wisconsin
1148,Tennessee
1149,Florida
1150,Georgia
1151,Kentucky
1152,Ohio
1153,Connecticut
1154,Idaho
1155,Georgia
1156,Tennessee
1157,Hawaii
1158,Maryland
1159,Nevada
1160,New Hampshire
1161,North Dakota
1162,Oklahoma
1163,North Carolina
1164,Tennessee
1165,Montana
1166,Wisconsin
1167,Connecticut
1168,New Jersey
1169,Mississippi
1170,Wyoming
1171,Illinois
1172,Louisiana
1173,Oregon
1174,South Dakota
1175,Michigan
1176,New Jersey
1177,Oregon
1178,Iowa
1179,South Carolina
1180,Indiana
1181,Oregon
1182,New York
1183,New Mexico
1184,Louisiana
1185,South Carolina
1186,Maine
1187,Indiana
1188,Iowa
1189,Mississippi
1190,Arkansas
1191,South Carolina
1192,Indiana
1193,Florida
1194,Alaska
1195,New York
1196,Texas
1197,North Dakota
1198,Vermont
1199,New Jersey
1200,Maryland
1201,Connecticut
1202,Illinois
1203,Maryland
1204,Minnesota
1205,Florida
1206,California
1207,Mississippi
1208,Washington
1209,Wisconsin
1210,Pennsylvania
1211,Missouri
1212,Oklahoma
1213,Pennsylvania
1214,Kentucky
1215,Vermont
1216,Oregon
1217,Utah
1218,Nebraska
1219,Pennsylvania
1220,Vermont
1221,Kentucky
1222,Iowa
1223,Indiana
1224,Kansas
1225,Illinois
1226,North Carolina
1227,Ohio
1228,Illinois
1229,Indiana
1230,Kansas
1231,Illinois
1232,Pennsylvania
1233,New York
1234,Utah
1235,New Jersey
1236,Idaho
1237,New Mexico
1238,Michigan
1239,Wyoming
1240,New Jersey
1241,New Jersey
1242,Hawaii
1243,Nevada
1244,New Hampshire
1245,Indiana
1246,New York
1247,Louisiana
1248,Virginia
1249,Wisconsin
1250,Oregon
1251,New Hampshire
1252,Indiana
1253,Massachusetts
1254,Montana
1255,California
1256,Indiana
1257,West Virginia
1258,Minnesota
1259,Ohio
1260,Minnesota
1261,Virginia
1262,Connecticut
1263,Tennessee
1264,Delaware
1265,Vermont
1266,Louisiana
1267,North Dakota
1268,Oregon
1269,Idaho
1270,Vermont
1271,West Virginia
1272,Kentucky
1273,Wisconsin
1274,Mississippi
1275,Missouri
1276,Arkansas
1277,Wyoming
1278,Rhode Island
1279,Utah
1280,Maryland
1281,Georgia
1282,New Jersey
1283,New Hampshire
1284,Oregon
1285,Arkansas
1286,North Carolina
1287,West Virginia
1288,Utah
1289,South Dakota
1290,New Hampshire
1291,Maryland
1292,South Dakota
1293,Kentucky
1294,Florida
1295,Texas
1296,New Mexico
1297,South Dakota
1298,New Jersey
1299,Indiana
1300,Louisiana
1301,West Virginia
1302,Maine
1303,Idaho
1304,New York
1305,Montana
1306,Mississippi
1307,Alaska
1308,Missouri
1309,Rhode Island
1310,Hawaii
1311,South Carolina
1312,Tennessee
1313,Missouri
1314,Missouri
1315,Missouri
1316,Mississippi
1317,Arkansas
1318,Kentucky
1319,Connecticut
1320,Oklahoma
1321,California
1322,Missouri
1323,Washington
1324,New York
1325,Indiana
1326,Oregon
1327,Texas
1328,Florida
1329,Rhode Island
1330,Texas
1331,Vermont
1332,Maryland
1333,Alaska
1334,Idaho
1335,West Virginia
1336,Nevada
1337,Oregon
1338,Tennessee
1339,Alabama
1340,Indiana
1341,Idaho
1342,Rhode Island
1343,Arizona
1344,Florida
1345,New York
1346,Nebraska
1347,Mississippi
1348,Vermont
1349,Nebraska
1350,South Carolina
1351,Delaware
1352,Vermont
1353,Indiana
1354,Oregon
1355,Maryland
1356,Florida
1357,Indiana
1358,Texas
1359,Nebraska
1360,North Carolina
1361,Alabama
1362,Alabama
1363,Colorado
1364,Wisconsin
1365,Delaware
1366,Indiana
1367,Iowa
1368,Iowa
1369,Wisconsin
1370,Iowa
1371,Montana
1372,Mississippi
1373,Michigan
1374,Virginia
1375,New York
1376,Maine
1377,New Jersey
1378,Maryland
1379,Kentucky
1380,Minnesota
1381,Massachusetts
1382,Illinois
1383,Michigan
1384,Wisconsin
1385,Alaska
1386,Mississippi
1387,Oregon
1388,Maryland
1389,Arkansas
1390,Illinois
1391,Arkansas
1392,Mississippi
1393,Arkansas
1394,Idaho
1395,Iowa
1396,West Virginia
1397,Wisconsin
1398,Massachusetts
1399,Texas
1400,Nebraska
1401,Nevada
1402,Indiana
1403,North Dakota
1404,Georgia
1405,New Mexico
1406,New Hampshire
1407,Washington
1408,Nevada
1409,Maine
1410,Idaho
1411,Tennessee
1412,Louisiana
1413,Michigan
1414,New Hampshire
1415,Minnesota
1416,Illinois
1417,Idaho
1418,Montana
1419,Alabama
1420,Montana
1421,California
1422,Pennsylvania
1423,Texas
1424,Michigan
1425,Connecticut
1426,Wyoming
1427,Michigan
1428,South Dakota
1429,North Dakota
1430,Maryland
1431,Michigan
1432,South Dakota
1433,Florida
1434,Minnesota
1435,New York
1436,Oregon
1437,Minnesota
1438,Montana
1439,Washington
1440,New Mexico
1441,Arizona
1442,Nebraska
1443,Idaho
1444,Idaho
1445,Vermont
1446,Arkansas
1447,Wyoming
1448,New Mexico
1449,West Virginia
1450,New York
1451,Illinois
1452,Utah
1453,Colorado
1454,Virginia
1455,Georgia
1456,Alabama
1457,Montana
1458,Pennsylvania
1459,Missouri
1460,Maine
1461,Pennsylvania
1462,Oregon
1463,Utah
1464,Oklahoma
1465,Montana
1466,Nebraska
1467,Alabama
1468,Ohio
1469,Arkansas
1470,Mississippi
1471,California
1472,Alaska
1473,Indiana
1474,Wisconsin
1475,New Jersey
1476,Rhode Island
1477,Wyoming
1478,Oregon
1479,Washington
1480,Washington
1481,New Hampshire
1482,Maryland
1483,Wisconsin
1484,Massachusetts
1485,Nebraska
1486,Nebraska
1487,Idaho
1488,Arizona
1489,Hawaii
1490,Missouri
1491,Louisiana
1492,Arkansas
1493,North Carolina
1494,North Dakota
1495,Montana
1496,Rhode Island
1497,Idaho
1498,Michigan
1499,Illinois
1500,Georgia
1501,Alabama
1502,Alaska
1503,Massachusetts
1504,Michigan
1505,Alaska
1506,North Dakota
1507,South Carolina
1508,Pennsylvania
1509,Colorado
1510,New Hampshire
1511,Maryland
1512,Georgia
1513,Wisconsin
1514,Texas
1515,Utah
1516,Indiana
1517,Nevada
1518,New Hampshire
1519,New York
1520,Texas
1521,Iowa
1522,Washington
1523,Tennessee
1524,Georgia
1525,Massachusetts
1526,Oregon
1527,Oklahoma
1528,Wisconsin
1529,Oregon
1530,Georgia
1531,New Mexico
1532,Mississippi
1533,Wisconsin
1534,New Hampshire
1535,Wyoming
1536,West Virginia
1537,Michigan
1538,Alaska
1539,Illinois
1540,Hawaii
1541,Colorado
1542,Illinois
1543,Hawaii
1544,Wisconsin
1545,Arkansas
1546,Delaware
1547,Oregon
1548,South Carolina
1549,Maryland
1550,Kansas
1551,Arkansas
1552,Minnesota
1553,New Mexico
1554,Delaware
1555,Utah
1556,Ohio
1557,Alabama
1558,South Dakota
1559,New Mexico
1560,Oregon
1561,Oregon
1562,Mississippi
1563,Alabama
1564,Kansas
1565,California
1566,Idaho
1567,Wyoming
1568,Minnesota
1569,Washington
1570,Hawaii
1571,Missouri
1572,Colorado
1573,Washington
1574,North Dakota
1575,Minnesota
1576,California
1577,Michigan
1578,Delaware
1579,California
1580,Oklahoma
1581,North Dakota
1582,Ohio
1583,Hawaii
1584,Maryland
1585,Hawaii
1586,Alabama
1587,Oklahoma
1588,Alabama
1589,Vermont
1590,Ohio
1591,Wisconsin
1592,South Dakota
1593,Iowa
1594,Maryland
1595,Colorado
1596,Wisconsin
1597,Mississippi
1598,Mississippi
1599,California
1600,Delaware
1601,Montana
1602,Indiana
1603,West Virginia
1604,Iowa
1605,Maine
1606,Connecticut
1607,Kansas
1608,Vermont
1609,Nebraska
1610,Nevada
1611,Tennessee
1612,Arkansas
1613,Wisconsin
1614,Illinois
1615,Kansas
1616,New York
1617,Colorado
1618,Wisconsin
1619,Michigan
1620,Hawaii
1621,Virginia
1622,Ohio
1623,Missouri
1624,Indiana
1625,Florida
1626,Minnesota
1627,Nevada
1628,Maine
1629,Massachusetts
1630,North Dakota
1631,New Jersey
1632,Indiana
1633,Oregon
1634,North Dakota
1635,South Carolina
1636,North Carolina
1637,North Dakota
1638,Massachusetts
1639,Tennessee
1640,Missouri
1641,Tennessee
1642,Colorado
1643,Mississippi
1644,Ohio
1645,North Carolina
1646,Ohio
1647,Nebraska
1648,Hawaii
1649,Oklahoma
1650,Wisconsin
1651,Arkansas
1652,Texas
1653,New Mexico
1654,Colorado
1655,Indiana
1656,Arizona
1657,Indiana
1658,Indiana
1659,Alaska
1660,Utah
1661,Louisiana
1662,Iowa
1663,New Mexico
1664,Maine
1665,Minnesota
1666,New Mexico
1667,Arkansas
1668,Oklahoma
1669,Utah
1670,Wisconsin
1671,Utah
1672,Utah
1673,South Carolina
1674,Hawaii
1675,Alaska
1676,Colorado
1677,West Virginia
1678,Oregon
1679,Ohio
1680,Massachusetts
1681,Louisiana
1682,Virginia
1683,New York
1684,Arkansas
1685,New Mexico
1686,Minnesota
1687,Illinois
1688,Georgia
1689,Mississippi
1690,North Carolina
1691,Nevada
1692,Connecticut
1693,Utah
1694,Tennessee
1695,Mississippi
1696,Nebraska
1697,West Virginia
1698,South Carolina
1699,Iowa
1700,North Dakota
1701,West Virginia
1702,Mississippi
1703,Alabama
1704,California
1705,Idaho
1706,South Dakota
1707,North Dakota
1708,Nevada
1709,Florida
1710,Indiana
1711,Arkansas
1712,North Carolina
1713,Illinois
1714,Missouri
1715,South Dakota
1716,Idaho
1717,Connecticut
1718,Hawaii
1719,Maryland
1720,Maryland
1721,Massachusetts
1722,Delaware
1723,Massachusetts
1724,New York
1725,Delaware
1726,Massachusetts
1727,Indiana
1728,Virginia
1729,Wyoming
1730,Illinois
1731,Alabama
1732,Idaho
1733,Rhode Island
1734,New York
1735,Missouri
1736,Texas
1737,Tennessee
1738,Ohio
1739,Tennessee
1740,Minnesota
1741,Wisconsin
1742,Delaware
1743,Kansas
1744,Missouri
1745,Michigan
1746,West Virginia
1747,Alabama
1748,New Hampshire
1749,Montana
1750,Wyoming
1751,Missouri
1752,Ohio
1753,South Dakota
1754,Colorado
1755,Massachusetts
1756,Delaware
1757,New Hampshire
1758,Michigan
1759,Pennsylvania
1760,Louisiana
1761,Minnesota
1762,Hawaii
1763,Idaho
1764,Vermont
1765,Delaware
1766,New Mexico
1767,Alaska
1768,Minnesota
1769,Nebraska
1770,Alaska
1771,Michigan
1772,Indiana
1773,Hawaii
1774,West Virginia
1775,New York
1776,Iowa
1777,Arizona
1778,Minnesota
1779,Texas
1780,Virginia
1781,North Dakota
1782,Iowa
1783,Utah
1784,Ohio
1785,Louisiana
1786,Iowa
1787,Maryland
1788,Montana
1789,Illinois
1790,Arizona
1791,North Carolina
1792,Montana
1793,Iowa
1794,Iowa
1795,Ohio
1796,Wisconsin
1797,South Carolina
1798,Oregon
1799,North Dakota
1800,California
1801,Mississippi
1802,New Jersey
1803,Rhode Island
1804,New Hampshire
1805,Louisiana
1806,Arizona
1807,Rhode Island
1808,Vermont
1809,Tennessee
1810,Alaska
1811,Maryland
1812,Wisconsin
1813,Nevada
1814,Illinois
1815,Montana
1816,New Mexico
1817,Virginia
1818,Delaware
1819,North Carolina
1820,Nevada
1821,Washington
1822,Maine
1823,Connecticut
1824,Louisiana
1825,Illinois
1826,South Dakota
1827,Indiana
1828,Vermont
1829,New Hampshire
1830,Oregon
1831,Kansas
1832,Maine
1833,Louisiana
1834,Louisiana
1835,Indiana
1836,Kentucky
1837,South Carolina
1838,Montana
1839,Vermont
1840,Mississippi
1841,Wyoming
1842,Vermont
1843,Alabama
1844,Kentucky
1845,South Dakota
1846,Delaware
1847,Wisconsin
1848,Arizona
1849,Maine
1850,New Mexico
1851,Wyoming
1852,Delaware
1853,Pennsylvania
1854,North Dakota
1855,Kentucky
1856,Rhode Island
1857,Arizona
1858,Colorado
1859,Maine
1860,New Jersey
1861,Kansas
1862,South Dakota
1863,New Hampshire
1864,Connecticut
1865,Wyoming
1866,Missouri
1867,Alaska
1868,Delaware
1869,Indiana
1870,West Virginia
1871,Wyoming
1872,Illinois
1873,Alaska
1874,Wisconsin
1875,Indiana
1876,Tennessee
1877,Illinois
1878,Pennsylvania
1879,Oklahoma
1880,Tennessee
1881,New Jersey
1882,New Jersey
1883,Tennessee
1884,Georgia
1885,Arizona
1886,Nevada
1887,Arkansas
1888,North Dakota
1889,South Dakota
1890,North Carolina
1891,Hawaii
1892,New Hampshire
1893,California
1894,Delaware
1895,Arizona
1896,Washington
1897,Nevada
1898,Alaska
1899,Texas
1900,New York
1901,Iowa
1902,Arizona
1903,New Mexico
1904,North Carolina
1905,Nevada
1906,Idaho
1907,Vermont
1908,New Mexico
1909,Georgia
1910,Kentucky
1911,New York
1912,Arizona
1913,Colorado
1914,Kentucky
1915,Alaska
1916,Alabama
1917,Connecticut
1918,Hawaii
1919,Idaho
1920,Virginia
1921,Connecticut
1922,Michigan
1923,Kentucky
1924,Nebraska
1925,Michigan
1926,Utah
1927,New Mexico
1928,Florida
1929,Mississippi
1930,Hawaii
1931,North Carolina
1932,Illinois
1933,Maryland
1934,Montana
1935,Michigan
1936,North Carolina
1937,Minnesota
1938,Delaware
1939,Kentucky
1940,Ohio
1941,Alaska
1942,Vermont
1943,Alabama
1944,Wisconsin
1945,Arkansas
1946,Georgia
1947,Louisiana
1948,New York
1949,Connecticut
1950,Nebraska
1951,Arkansas
1952,Connecticut
1953,Maryland
1954,Colorado
1955,Colorado
1956,Maine
1957,Oklahoma
1958,South Carolina
1959,Nevada
1960,Colorado
1961,Massachusetts
1962,Nevada
1963,Iowa
1964,Michigan
1965,West Virginia
1966,Indiana
1967,Indiana
1968,Georgia
1969,Minnesota
1970,Louisiana
1971,Maryland
1972,Pennsylvania
1973,Louisiana
1974,Maryland
1975,Tennessee
1976,Illinois
1977,Wyoming
1978,Florida
1979,Massachusetts
1980,Tennessee
1981,Iowa
1982,Michigan
1983,Kansas
1984,Georgia
1985,West Virginia
1986,Tennessee
1987,Arkansas
1988,Vermont
1989,Virginia
1990,Maryland
1991,Connecticut
1992,Missouri
1993,New Jersey
1994,Arkansas
1995,Nevada
1996,Missouri
1997,South Dakota
1998,Connecticut
1999,Vermont
2000,Tennessee
2001,California
2002,Wyoming
2003,New York
2004,Maine
2005,Georgia
2006,Tennessee
2007,New Mexico
2008,Virginia
2009,Florida
2010,Alabama
2011,Texas
2012,West Virginia
2013,Nevada
2014,Virginia
2015,Wisconsin
2016,Virginia
2017,Maine
2018,Massachusetts
2019,Arkansas
2020,Idaho
2021,Pennsylvania
2022,Maine
2023,Alabama
2024,Idaho
2025,Arkansas
2026,Delaware
2027,Maine
2028,Nebraska
2029,Ohio
2030,Montana
2031,New Mexico
2032,North Carolina
2033,South Carolina
2034,Illinois
2035,Alabama
2036,Oklahoma
2037,Minnesota
2038,Illinois
2039,Arkansas
2040,Minnesota
2041,South Carolina
2042,New York
2043,Alabama
2044,New York
2045,Missouri
2046,Georgia
2047,Oklahoma
2048,Connecticut
2049,Michigan
2050,Rhode Island
2051,Mississippi
2052,Massachusetts
2053,New Hampshire
2054,Wyoming
2055,New Jersey
2056,Texas
2057,Minnesota
2058,South Dakota
2059,Washington
2060,California
2061,Wisconsin
2062,Michigan
2063,South Carolina
2064,Indiana
2065,Arkansas
2066,Oregon
2067,Illinois
2068,Maryland
2069,Vermont
2070,Texas
2071,Nebraska
2072,South Carolina
2073,Massachusetts
2074,Texas
2075,Florida
2076,South Carolina
2077,Florida
2078,Nebraska
2079,Hawaii
2080,Montana
2081,South Dakota
2082,Alabama
2083,Arkansas
2084,Mississippi
2085,Vermont
2086,New York
2087,North Dakota
2088,Wisconsin
2089,California
2090,Maryland
2091,Massachusetts
2092,Washington
2093,Minnesota
2094,Washington
2095,South Carolina
2096,New Mexico
2097,North Carolina
2098,Iowa
2099,Louisiana
2100,Oklahoma
2101,Michigan
2102,Oregon
2103,Idaho
2104,Indiana
2105,New Mexico
2106,South Carolina
2107,Vermont
2108,Delaware
2109,North Dakota
2110,California
2111,Montana
2112,Missouri
2113,Tennessee
2114,Virginia
2115,Vermont
2116,Rhode Island
2117,Kansas
2118,Colorado
2119,Georgia
2120,Nebraska
2121,Missouri
2122,Alaska
2123,Virginia
2124,Nebraska
2125,Rhode Island
2126,New Hampshire
2127,Alabama
2128,North Carolina
2129,New Mexico
2130,Minnesota
2131,Arizona
2132,Montana
2133,Vermont
2134,Maine
2135,Virginia
2136,California
2137,New York
2138,Indiana
2139,Mississippi
2140,New York
2141,New Mexico
2142,Kentucky
2143,North Dakota
2144,Arkansas
2145,Maryland
2146,Connecticut
2147,Utah
2148,Missouri
2149,Nebraska
2150,Hawaii
2151,Illinois
2152,Vermont
2153,New Jersey
2154,Kentucky
2155,Wyoming
2156,Hawaii
2157,Missouri
2158,Mississippi
2159,Massachusetts
2160,Louisiana
2161,West Virginia
2162,Washington
2163,Oregon
2164,New York
2165,Iowa
2166,Idaho
2167,New Jersey
2168,Ohio
2169,Connecticut
2170,Florida
2171,South Carolina
2172,Missouri
2173,Rhode Island
2174,Delaware
2175,Colorado
2176,Nebraska
2177,Vermont
2178,Montana
2179,Florida
2180,Delaware
2181,Connecticut
2182,Hawaii
2183,New Mexico
2184,Kansas
2185,Nevada
2186,North Carolina
2187,New Mexico
2188,Idaho
2189,California
2190,Wisconsin
2191,Alaska
2192,Pennsylvania
2193,Virginia
2194,California
2195,Kentucky
2196,New York
2197,Vermont
2198,Pennsylvania
2199,New York
2200,North Carolina
2201,Wyoming
2202,Ohio
2203,Alabama
2204,Rhode Island
2205,Oregon
2206,North Dakota
2207,Illinois
2208,New Mexico
2209,Colorado
2210,Utah
2211,Virginia
2212,Maine
2213,Nebraska
2214,Hawaii
2215,Idaho
2216,West Virginia
2217,Vermont
2218,Indiana
2219,Idaho
2220,Minnesota
2221,Wyoming
2222,Kansas
2223,Georgia
2224,Kansas
2225,Nebraska
2226,Washington
2227,Missouri
2228,Washington
2229,Kansas
2230,Minnesota
2231,Colorado
2232,Utah
2233,North Carolina
2234,Florida
2235,New Hampshire
2236,Illinois
2237,Louisiana
2238,Alabama
2239,Florida
2240,Alabama
2241,California
2242,Maryland
2243,Nevada
2244,Massachusetts
2245,South Carolina
2246,Delaware
2247,Hawaii
2248,Florida
2249,Rhode Island
2250,Wyoming
2251,Colorado
2252,Virginia
2253,Nebraska
2254,Oklahoma
2255,North Dakota
2256,Michigan
2257,California
2258,Tennessee
2259,Ohio
2260,Florida
2261,Missouri
2262,South Carolina
2263,Arizona
2264,Indiana
2265,North Dakota
2266,Montana
2267,Missouri
2268,Kentucky
2269,Georgia
2270,Kentucky
2271,Georgia
2272,Alaska
2273,Maine
2274,New Mexico
2275,New York
2276,Oklahoma
2277,Wyoming
2278,Alabama
2279,Maryland
2280,West Virginia
2281,Kentucky
2282,Kansas
2283,Idaho
2284,Ohio
2285,Iowa
2286,Michigan
2287,South Dakota
2288,Nebraska
2289,California
2290,Nevada
2291,Kansas
2292,Ohio
2293,Vermont
2294,Georgia
2295,Maryland
2296,Connecticut
2297,Washington
2298,California
2299,Montana
2300,Idaho
2301,Pennsylvania
2302,Maine
2303,Montana
2304,New Jersey
2305,Louisiana
2306,Maine
2307,Florida
2308,Missouri
2309,North Dakota
2310,Connecticut
2311,Virginia
2312,Montana
2313,Vermont
2314,Georgia
2315,Virginia
2316,Vermont
2317,Montana
2318,New Jersey
2319,Wyoming
2320,Maine
2321,New Mexico
2322,Colorado
2323,Connecticut
2324,Maryland
2325,Oregon
2326,New York
2327,Oklahoma
2328,Alabama
2329,North Dakota
2330,Nebraska
2331,Arizona
2332,Illinois
2333,South Carolina
2334,Kansas
2335,Kansas
2336,Idaho
2337,California
2338,North Dakota
2339,Georgia
2340,Illinois
2341,Delaware
2342,Connecticut
2343,Tennessee
2344,Maryland
2345,Rhode Island
2346,New York
2347,New Mexico
2348,California
2349,Maine
2350,New York
2351,Hawaii
2352,New Hampshire
2353,Nebraska
2354,Montana
2355,Wisconsin
2356,Tennessee
2357,Montana
2358,Michigan
2359,Texas
2360,Pennsylvania
2361,New York
2362,Alabama
2363,Virginia
2364,Pennsylvania
2365,Mississippi
2366,Wyoming
2367,New Mexico
2368,North Dakota
2369,New Jersey
2370,Vermont
2371,Alaska
2372,Indiana
2373,Alabama
2374,Michigan
2375,Washington
2376,Virginia
2377,Tennessee
2378,South Dakota
2379,New Hampshire
2380,South Dakota
2381,Pennsylvania
2382,Wisconsin
2383,California
2384,Rhode Island
2385,Alabama
2386,Oklahoma
2387,Illinois
2388,Tennessee
2389,Alabama
2390,Kansas
2391,Arizona
2392,Michigan
2393,Missouri
2394,Louisiana
2395,Connecticut
2396,Connecticut
2397,Oregon
2398,West Virginia
2399,Florida
2400,New Hampshire
2401,Oregon
2402,Oregon
2403,Utah
2404,Missouri
2405,West Virginia
2406,California
2407,California
2408,Illinois
2409,Hawaii
2410,Washington
2411,Wisconsin
2412,Virginia
2413,Oregon
2414,Pennsylvania
2415,Virginia
2416,Hawaii
2417,Nebraska
2418,Alaska
2419,Michigan
2420,North Carolina
2421,North Carolina
2422,Minnesota
2423,Georgia
2424,West Virginia
2425,Delaware
2426,North Dakota
2427,Florida
2428,Oregon
2429,Idaho
2430,Virginia
2431,North Dakota
2432,Alabama
2433,Hawaii
2434,Oregon
2435,Utah
2436,Hawaii
2437,Connecticut
2438,Wyoming
2439,Delaware
2440,Arkansas
2441,Indiana
2442,California
2443,Wyoming
2444,South Dakota
2445,West Virginia
2446,Tennessee
2447,Alaska
2448,South Dakota
2449,Tennessee
2450,Alabama
2451,North Carolina
2452,Oklahoma
2453,New York
2454,Iowa
2455,Alaska
2456,Alaska
2457,Nebraska
2458,Delaware
2459,Texas
2460,Missouri
2461,Maine
2462,Pennsylvania
2463,Missouri
2464,Mississippi
2465,Hawaii
2466,Texas
2467,South Dakota
2468,New Jersey
2469,Connecticut
2470,Maryland
2471,Arizona
2472,Oklahoma
2473,Utah
2474,Arkansas
2475,North Carolina
2476,California
2477,Colorado
2478,California
2479,Vermont
2480,Kansas
2481,Ohio
2482,New Jersey
2483,Arizona
2484,Arizona
2485,New Hampshire
2486,Louisiana
2487,Texas
2488,Montana
2489,New Hampshire
2490,South Dakota
2491,Montana
2492,North Carolina
2493,South Dakota
2494,Maine
2495,Oklahoma
2496,Nebraska
2497,Illinois
2498,Colorado
2499,Massachusetts
2500,Louisiana
2501,Massachusetts
2502,West Virginia
2503,Idaho
2504,Ohio
2505,Rhode Island
2506,Illinois
2507,New York
2508,Louisiana
2509,California
2510,Washington
2511,South Dakota
2512,Idaho
2513,North Dakota
2514,Washington
2515,Alaska
2516,Kansas
2517,Utah
2518,Wyoming
2519,Maine
2520,Michigan
2521,Illinois
2522,Minnesota
2523,Massachusetts
2524,New Jersey
2525,Kansas
2526,Kentucky
2527,Rhode Island
2528,Illinois
2529,Alabama
2530,Tennessee
2531,Massachusetts
2532,Texas
2533,Nebraska
2534,Pennsylvania
2535,Virginia
2536,Vermont
2537,Oklahoma
2538,Maine
2539,New Jersey
2540,Massachusetts
2541,New Jersey
2542,Washington
2543,Arkansas
2544,West Virginia
2545,Delaware
2546,Texas
2547,Texas
2548,Mississippi
2549,Texas
2550,Virginia
2551,New Hampshire
2552,Minnesota
2553,Maryland
2554,Vermont
2555,Kansas
2556,Idaho
2557,Montana
2558,Oklahoma
2559,California
2560,Mississippi
2561,California
2562,New York
2563,Arizona
2564,Massachusetts
2565,Kentucky
2566,Vermont
2567,Missouri
2568,Michigan
2569,Texas
2570,New York
2571,New Mexico
2572,Mississippi
2573,Washington
2574,New Mexico
2575,Florida
2576,Minnesota
2577,New Hampshire
2578,Minnesota
2579,Vermont
2580,Minnesota
2581,Massachusetts
2582,Wyoming
2583,South Dakota
2584,Oklahoma
2585,Florida
2586,Wisconsin
2587,Maine
2588,Connecticut
2589,Delaware
2590,North Dakota
2591,California
2592,New Mexico
2593,Iowa
2594,Colorado
2595,Montana
2596,Iowa
2597,Louisiana
2598,Alabama
2599,Nevada
2600,Vermont
2601,New York
2602,Mississippi
2603,South Carolina
2604,Washington
2605,Colorado
2606,Nevada
2607,Nevada
2608,Oklahoma
2609,Mississippi
2610,Arkansas
2611,West Virginia
2612,Michigan
2613,Louisiana
2614,South Dakota
2615,North Dakota
2616,Arizona
2617,Georgia
2618,Idaho
2619,Louisiana
2620,Connecticut
2621,Ohio
2622,Maine
2623,New Hampshire
2624,Massachusetts
2625,South Dakota
2626,Colorado
2627,Rhode Island
2628,Missouri
2629,Wyoming
2630,New Hampshire
2631,Maine
2632,Connecticut
2633,Alaska
2634,Alaska
2635,North Carolina
2636,Colorado
2637,Utah
2638,Alabama
2639,Hawaii
2640,New Hampshire
2641,Indiana
2642,Vermont
2643,Iowa
2644,Maryland
2645,New Mexico
2646,Louisiana
2647,New Mexico
2648,South Carolina
2649,Illinois
2650,Minnesota
2651,Oregon
2652,Tennessee
2653,Maryland
2654,Wisconsin
2655,Idaho
2656,Wyoming
2657,Indiana
2658,Texas
2659,Ohio
2660,Kansas
2661,South Carolina
2662,Michigan
2663,Nebraska
2664,Wisconsin
2665,Illinois
2666,Louisiana
2667,Ohio
2668,Maryland
2669,Texas
2670,Illinois
2671,Pennsylvania
2672,Alabama
2673,West Virginia
2674,Nevada
2675,Florida
2676,Virginia
2677,Kentucky
2678,Connecticut
2679,Montana
2680,Montana
2681,Nebraska
2682,Massachusetts
2683,North Carolina
2684,Montana
2685,Washington
2686,Virginia
2687,Georgia
2688,Delaware
2689,West Virginia
2690,Wyoming
2691,New Mexico
2692,Nebraska
2693,Washington
2694,Hawaii
2695,Louisiana
2696,Tennessee
2697,South Dakota
2698,Delaware
2699,Virginia
2700,Utah
2701,California
2702,Idaho
2703,Texas
2704,Tennessee
2705,Tennessee
2706,Washington
2707,Alabama
2708,Nebraska
2709,Alabama
2710,Illinois
2711,Wisconsin
2712,Nebraska
2713,North Dakota
2714,Mississippi
2715,Iowa
2716,Mississippi
2717,Colorado
2718,Nebraska
2719,Virginia
2720,Louisiana
2721,Maryland
2722,Minnesota
2723,Maine
2724,Texas
2725,Missouri
2726,Mississippi
2727,Michigan
2728,Colorado
2729,Florida
2730,Montana
2731,Wisconsin
2732,Wisconsin
2733,Delaware
2734,North Carolina
2735,New York
2736,California
2737,Montana
2738,North Carolina
2739,Ohio
2740,Alaska
2741,Pennsylvania
2742,Maine
2743,Texas
2744,New Jersey
2745,Wyoming
2746,Michigan
2747,Ohio
2748,West Virginia
2749,Virginia
2750,Vermont
2751,Alaska
2752,Minnesota
2753,Colorado
2754,Rhode Island
2755,New Jersey
2756,Nevada
2757,Minnesota
2758,Delaware
2759,Illinois
2760,Washington
2761,Alaska
2762,Michigan
2763,Georgia
2764,West Virginia
2765,Arizona
2766,Colorado
2767,Tennessee
2768,Iowa
2769,Kansas
2770,Oklahoma
2771,Nebraska
2772,Maryland
2773,Pennsylvania
2774,Arizona
2775,Oklahoma
2776,Montana
2777,Wyoming
2778,Idaho
2779,Pennsylvania
2780,Montana
2781,Ohio
2782,Mississippi
2783,Idaho
2784,Virginia
2785,Idaho
2786,Louisiana
2787,Colorado
2788,West Virginia
2789,Rhode Island
2790,North Carolina
2791,Maine
2792,Iowa
2793,Kentucky
2794,Massachusetts
2795,New York
2796,Nebraska
2797,Oklahoma
2798,Oklahoma
2799,Rhode Island
2800,Maine
2801,Arkansas
2802,New Mexico
2803,Hawaii
2804,Idaho
2805,South Carolina
2806,Nevada
2807,South Carolina
2808,Maryland
2809,Tennessee
2810,Arkansas
2811,Arizona
2812,Ohio
2813,North Dakota
2814,Vermont
2815,Minnesota
2816,Idaho
2817,Maryland
2818,South Carolina
2819,California
2820,Georgia
2821,Vermont
2822,Georgia
2823,New Jersey
2824,Utah
2825,Utah
2826,North Carolina
2827,Florida
2828,Wisconsin
2829,Tennessee
2830,Arizona
2831,Oregon
2832,Virginia
2833,Maryland
2834,Arkansas
2835,Texas
2836,Vermont
2837,Wyoming
2838,Alabama
2839,Maine
2840,South Dakota
2841,West Virginia
2842,Ohio
2843,Arizona
2844,Ohio
2845,New Mexico
2846,South Dakota
2847,Oklahoma
2848,Connecticut
2849,Wisconsin
2850,New Hampshire
2851,Nebraska
2852,Nevada
2853,New York
2854,Pennsylvania
2855,Delaware
2856,Mississippi
2857,Iowa
2858,Utah
2859,Maryland
2860,Utah
2861,Rhode Island
2862,Maryland
2863,Hawaii
2864,Connecticut
2865,Illinois
2866,California
2867,Connecticut
2868,Colorado
2869,Colorado
2870,Georgia
2871,North Dakota
2872,Idaho
2873,Connecticut
2874,Montana
2875,Colorado
2876,Kentucky
2877,New Mexico
2878,New Jersey
2879,California
2880,North Dakota
2881,Florida
2882,Texas
2883,Oklahoma
2884,Rhode Island
2885,Arkansas
2886,Nevada
2887,Utah
2888,Kentucky
2889,Wisconsin
2890,Minnesota
2891,North Dakota
2892,Ohio
2893,Nevada
2894,Kentucky
2895,Kentucky
2896,Montana
2897,Delaware
2898,Montana
2899,New Jersey
2900,Nebraska
2901,Maryland
2902,Alabama
2903,North Carolina
2904,Delaware
2905,Iowa
2906,New York
2907,Virginia
2908,Maryland
2909,Texas
2910,Louisiana
2911,Mississippi
2912,Ohio
2913,Oregon
2914,Wyoming
2915,Pennsylvania
2916,Oregon
2917,Oklahoma
2918,Colorado
2919,New York
2920,Minnesota
2921,Texas
2922,Wisconsin
2923,Kentucky
2924,Pennsylvania
2925,Rhode Island
2926,Illinois
2927,Maryland
2928,Missouri
2929,Alabama
2930,Maine
2931,Mississippi
2932,Alabama
2933,Alaska
2934,Illinois
2935,Idaho
2936,North Carolina
2937,Washington
2938,West Virginia
2939,Maine
2940,Kentucky
2941,Massachusetts
2942,Pennsylvania
2943,Hawaii
2944,Virginia
2945,New York
2946,Delaware
2947,Hawaii
2948,Nebraska
2949,Vermont
2950,Iowa
2951,Iowa
2952,Arkansas
2953,Alabama
2954,Maryland
2955,South Dakota
2956,Vermont
2957,Montana
2958,South Dakota
2959,Ohio
2960,Texas
2961,Indiana
2962,New Hampshire
2963,California
2964,Maine
2965,Ohio
2966,Delaware
2967,Oklahoma
2968,Indiana
2969,South Carolina
2970,Vermont
2971,Kansas
2972,Utah
2973,New York
2974,Indiana
2975,Tennessee
2976,Georgia
2977,Nebraska
2978,Washington
2979,Idaho
2980,Louisiana
2981,New Jersey
2982,Delaware
2983,Wisconsin
2984,West Virginia
2985,Texas
2986,Hawaii
2987,Arizona
2988,Louisiana
2989,Nevada
2990,Rhode Island
2991,Illinois
2992,Utah
2993,North Dakota
2994,Kansas
2995,Nevada
2996,Virginia
2997,Utah
2998,Idaho
2999,Alaska
3000,New Hampshire
3001,Ohio
3002,Montana
3003,Louisiana
3004,Oregon
3005,Arizona
3006,Alaska
3007,Utah
3008,New York
3009,New Mexico
3010,Louisiana
3011,Ohio
3012,Nevada
3013,Idaho
3014,Arizona
3015,Utah
3016,Wyoming
3017,Indiana
3018,Wisconsin
3019,Texas
3020,Utah
3021,Arkansas
3022,Pennsylvania
3023,Georgia
3024,Indiana
3025,Idaho
3026,Montana
3027,Tennessee
3028,West Virginia
3029,California
3030,Georgia
3031,Maryland
3032,Idaho
3033,California
3034,Alabama
3035,Utah
3036,Kentucky
3037,Vermont
3038,Iowa
3039,Georgia
3040,Alabama
3041,Nebraska
3042,Rhode Island
3043,South Dakota
3044,Illinois
3045,North Carolina
3046,Florida
3047,Pennsylvania
3048,Vermont
3049,Colorado
3050,Utah
3051,Kentucky
3052,Wyoming
3053,Maine
3054,Maine
3055,New Hampshire
3056,Kansas
3057,New Jersey
3058,North Carolina
3059,West Virginia
3060,Kentucky
3061,California
3062,South Dakota
3063,California
3064,Connecticut
3065,Idaho
3066,North Dakota
3067,Michigan
3068,Missouri
3069,California
3070,Delaware
3071,Alabama
3072,New Hampshire
3073,New York
3074,Oregon
3075,Massachusetts
3076,Utah
3077,New Hampshire
3078,Illinois
3079,Alaska
3080,Wyoming
3081,Colorado
3082,Vermont
3083,Utah
3084,Illinois
3085,Idaho
3086,Nevada
3087,Utah
3088,North Carolina
3089,Arkansas
3090,North Carolina
3091,Texas
3092,Nevada
3093,Utah
3094,Pennsylvania
3095,Georgia
3096,Minnesota
3097,Kansas
3098,Delaware
3099,New Mexico
3100,Michigan
3101,Vermont
3102,Idaho
3103,South Dakota
3104,Illinois
3105,Georgia
3106,Oregon
3107,Alabama
3108,Hawaii
3109,Oregon
3110,Illinois
3111,Texas
3112,Kansas
3113,Texas
3114,Nebraska
3115,Arkansas
3116,South Dakota
3117,Montana
3118,Florida
3119,Virginia
3120,Louisiana
3121,Louisiana
3122,Louisiana
3123,Georgia
3124,Iowa
3125,California
3126,Oregon
3127,Maine
3128,Louisiana
3129,Arkansas
3130,Maryland
3131,Vermont
3132,North Dakota
3133,Michigan
3134,Arkansas
3135,Kentucky
3136,Indiana
3137,Minnesota
3138,Louisiana
3139,Kentucky
3140,Georgia
3141,Alaska
3142,Mississippi
3143,Kansas
3144,Arizona
3145,Maine
3146,Texas
3147,Virginia
3148,North Dakota
3149,West Virginia
3150,North Carolina
3151,Georgia
3152,New Mexico
3153,North Carolina
3154,Alabama
3155,Connecticut
3156,Montana
3157,Montana
3158,Maine
3159,Mississippi
3160,Louisiana
3161,Nebraska
3162,Massachusetts
3163,Wisconsin
3164,Nebraska
3165,Arizona
3166,Hawaii
3167,Georgia
3168,Oregon
3169,Montana
3170,Georgia
3171,Rhode Island
3172,Tennessee
3173,Missouri
3174,Washington
3175,Oklahoma
3176,Connecticut
3177,Arkansas
3178,Missouri
3179,Washington
3180,Idaho
3181,Montana
3182,Montana
3183,Georgia
3184,Mississippi
3185,Hawaii
3186,Ohio
3187,Virginia
3188,Texas
3189,Vermont
3190,Kansas
3191,California
3192,Mississippi
3193,Iowa
3194,Virginia
3195,Maryland
3196,Missouri
3197,Wisconsin
3198,Maine
3199,Pennsylvania
3200,Maine
3201,Missouri
3202,Vermont
3203,Wisconsin
3204,New Jersey
3205,New Mexico
3206,Colorado
3207,California
3208,Arizona
3209,Indiana
3210,Arkansas
3211,Nevada
3212,Rhode Island
3213,Wyoming
3214,Texas
3215,Washington
3216,Rhode Island
3217,Illinois
3218,Oregon
3219,Florida
3220,Kansas
3221,North Dakota
3222,New Hampshire
3223,Texas
3224,Montana
3225,Delaware
3226,New Hampshire
3227,Minnesota
3228,Alaska
3229,Connecticut
3230,Connecticut
3231,Kansas
3232,Nevada
3233,Massachusetts
3234,Indiana
3235,Washington
3236,Kansas
3237,South Carolina
3238,Vermont
3239,Wyoming
3240,Colorado
3241,West Virginia
3242,Connecticut
3243,Oregon
3244,Idaho
3245,Arkansas
3246,Kansas
3247,Michigan
3248,Arkansas
3249,Pennsylvania
3250,Virginia
3251,Minnesota
3252,Nevada
3253,Montana
3254,Nebraska
3255,Indiana
3256,New Jersey
3257,Wisconsin
3258,Minnesota
3259,New Jersey
3260,Oklahoma
3261,Wisconsin
3262,Rhode Island
3263,Indiana
3264,Vermont
3265,Maine
3266,Alabama
3267,Alabama
3268,Idaho
3269,Arkansas
3270,Ohio
3271,Illinois
3272,Nevada
3273,Texas
3274,Nevada
3275,Oklahoma
3276,Alabama
3277,South Dakota
3278,Texas
3279,Montana
3280,Wyoming
3281,New York
3282,Oregon
3283,California
3284,North Carolina
3285,Kentucky
3286,Hawaii
3287,Illinois
3288,West Virginia
3289,South Carolina
3290,Montana
3291,North Dakota
3292,New Mexico
3293,Missouri
3294,West Virginia
3295,South Carolina
3296,West Virginia
3297,Alaska
3298,West Virginia
3299,New Mexico
3300,South Dakota
3301,Oklahoma
3302,Oklahoma
3303,Alabama
3304,Mississippi
3305,Mississippi
3306,Nebraska
3307,Colorado
3308,Pennsylvania
3309,Utah
3310,Massachusetts
3311,Iowa
3312,Florida
3313,Louisiana
3314,Kansas
3315,Kansas
3316,Kentucky
3317,New Mexico
3318,North Carolina
3319,North Dakota
3320,North Dakota
3321,Illinois
3322,Maine
3323,Indiana
3324,North Dakota
3325,Missouri
3326,Alaska
3327,North Dakota
3328,Connecticut
3329,Wisconsin
3330,New Jersey
3331,Missouri
3332,California
3333,Washington
3334,Minnesota
3335,California
3336,Texas
3337,Montana
3338,Arizona
3339,Minnesota
3340,Nebraska
3341,Virginia
3342,Connecticut
3343,New Jersey
3344,Kentucky
3345,Washington
3346,Florida
3347,Oklahoma
3348,Iowa
3349,New Hampshire
3350,Georgia
3351,Mississippi
3352,New Hampshire
3353,Washington
3354,Ohio
3355,Maryland
3356,Delaware
3357,Tennessee
3358,Arkansas
3359,Tennessee
3360,New Hampshire
3361,Minnesota
3362,Florida
3363,Tennessee
3364,California
3365,Oregon
3366,Tennessee
3367,North Carolina
3368,Tennessee
3369,Nebraska
3370,Maine
3371,Illinois
3372,Colorado
3373,Pennsylvania
3374,Minnesota
3375,Nevada
3376,Connecticut
3377,Ohio
3378,Kentucky
3379,Minnesota
3380,Tennessee
3381,North Dakota
3382,Minnesota
3383,Nebraska
3384,Delaware
3385,Minnesota
3386,Rhode Island
3387,Michigan
3388,New Jersey
3389,South Dakota
3390,North Carolina
3391,Oregon
3392,Montana
3393,New Jersey
3394,Arizona
3395,Vermont
3396,Colorado
3397,Tennessee
3398,New Jersey
3399,Montana
3400,Montana
3401,Nevada
3402,Nevada
3403,Louisiana
3404,Illinois
3405,South Carolina
3406,Washington
3407,Nebraska
3408,Alabama
3409,Montana
3410,Minnesota
3411,Ohio
3412,New York
3413,Indiana
3414,Delaware
3415,Connecticut
3416,New York
3417,Alabama
3418,Massachusetts
3419,South Carolina
3420,West Virginia
3421,Kentucky
3422,New Jersey
3423,New York
3424,Massachusetts
3425,Florida
3426,Michigan
3427,Oregon
3428,Michigan
3429,Washington
3430,Alaska
3431,Montana
3432,New Mexico
3433,Connecticut
3434,Alaska
3435,Ohio
3436,Montana
3437,Nebraska
3438,Oklahoma
3439,Kentucky
3440,Idaho
3441,Maryland
3442,Tennessee
3443,Michigan
3444,Tennessee
3445,Rhode Island
3446,Florida
3447,Louisiana
3448,Arkansas
3449,Kentucky
3450,Kansas
3451,Vermont
3452,Nevada
3453,Oklahoma
3454,Alabama
3455,Louisiana
3456,Ohio
3457,Texas
3458,Maryland
3459,West Virginia
3460,Ohio
3461,Indiana
3462,Wyoming
3463,Michigan
3464,Maine
3465,Utah
3466,Iowa
3467,Maryland
3468,Texas
3469,Ohio
3470,North Dakota
3471,West Virginia
3472,North Carolina
3473,Georgia
3474,Kansas
3475,Maine
3476,South Carolina
3477,South Carolina
3478,Kentucky
3479,Arizona
3480,New York
3481,New Hampshire
3482,Ohio
3483,Hawaii
3484,Texas
3485,Illinois
3486,Massachusetts
3487,North Carolina
3488,West Virginia
3489,Delaware
3490,Idaho
3491,Oregon
3492,Maine
3493,South Dakota
3494,New Mexico
3495,Washington
3496,Georgia
3497,Idaho
3498,Colorado
3499,Kentucky
3500,New Jersey
3501,Oregon
3502,Nebraska
3503,Massachusetts
3504,Nebraska
3505,Hawaii
3506,Indiana
3507,Illinois
3508,Colorado
3509,Pennsylvania
3510,Ohio
3511,Pennsylvania
3512,Mississippi
3513,Kentucky
3514,Alaska
3515,Georgia
3516,South Dakota
3517,South Carolina
3518,Tennessee
3519,Colorado
3520,Wisconsin
3521,Georgia
3522,Maryland
3523,New Jersey
3524,Nevada
3525,Michigan
3526,Wyoming
3527,Massachusetts
3528,Washington
3529,Maine
3530,Montana
3531,Oklahoma
3532,North Dakota
3533,Connecticut
3534,Texas
3535,Delaware
3536,Mississippi
3537,Minnesota
3538,Georgia
3539,Iowa
3540,New York
3541,Nevada
3542,Virginia
3543,Idaho
3544,Colorado
3545,Wisconsin
3546,Connecticut
3547,Kansas
3548,Pennsylvania
3549,Utah
3550,Oregon
3551,West Virginia
3552,Montana
3553,Kentucky
3554,Minnesota
3555,Louisiana
3556,Delaware
3557,Arizona
3558,Nevada
3559,Alaska
3560,Utah
3561,Kansas
3562,North Carolina
3563,Maryland
3564,Maine
3565,Illinois
3566,Pennsylvania
3567,Alaska
3568,New Mexico
3569,Arkansas
3570,Alaska
3571,Louisiana
3572,North Dakota
3573,Rhode Island
3574,Connecticut
3575,New York
3576,Kentucky
3577,Maine
3578,Missouri
3579,Georgia
3580,Arizona
3581,New Hampshire
3582,Georgia
3583,California
3584,Arizona
3585,Florida
3586,New York
3587,Idaho
3588,Virginia
3589,Michigan
3590,New Hampshire
3591,South Dakota
3592,South Dakota
3593,New Jersey
3594,Wyoming
3595,Alabama
3596,South Dakota
3597,South Carolina
3598,New Mexico
3599,Connecticut
3600,Kansas
3601,South Carolina
3602,North Carolina
3603,Wyoming
3604,Louisiana
3605,Louisiana
3606,Alabama
3607,Minnesota
3608,New Mexico
3609,Tennessee
3610,New Mexico
3611,Texas
3612,Washington
3613,Michigan
3614,Minnesota
3615,Delaware
3616,California
3617,Wisconsin
3618,Kentucky
3619,Nevada
3620,North Carolina
3621,Louisiana
3622,New Jersey
3623,Wisconsin
3624,Arkansas
3625,Texas
3626,Illinois
3627,Mississippi
3628,Delaware
3629,Georgia
3630,Kansas
3631,Oklahoma
3632,New Jersey
3633,Utah
3634,Montana
3635,Ohio
3636,Colorado
3637,California
3638,Utah
3639,Kansas
3640,Illinois
3641,Minnesota
3642,New York
3643,Arizona
3644,Tennessee
3645,Arkansas
3646,Colorado
3647,Nevada
3648,Kansas
3649,New York
3650,Minnesota
3651,Ohio
3652,Arizona
3653,Kentucky
3654,Minnesota
3655,Arkansas
3656,Wyoming
3657,North Dakota
3658,Alabama
3659,Mississippi
3660,Illinois
3661,Arkansas
3662,Kansas
3663,Rhode Island
3664,Florida
3665,Missouri
3666,North Carolina
3667,Alabama
3668,Washington
3669,Michigan
3670,Washington
3671,Vermont
3672,Illinois
3673,New York
3674,Rhode Island
3675,Washington
3676,Virginia
3677,Wisconsin
3678,Michigan
3679,Texas
3680,Idaho
3681,Iowa
3682,Connecticut
3683,Wyoming
3684,Mississippi
3685,Pennsylvania
3686,Tennessee
3687,Louisiana
3688,Arkansas
3689,West Virginia
3690,South Carolina
3691,Kansas
3692,Michigan
3693,Alabama
3694,South Dakota
3695,Rhode Island
3696,Florida
3697,Connecticut
3698,Pennsylvania
3699,California
3700,Oklahoma
3701,North Dakota
3702,New Mexico
3703,South Carolina
3704,Michigan
3705,Missouri
3706,Colorado
3707,Kansas
3708,Illinois
3709,South Carolina
3710,Utah
3711,Hawaii
3712,Texas
3713,Oregon
3714,Arizona
3715,New York
3716,Nebraska
3717,Vermont
3718,Maryland
3719,Tennessee
3720,Pennsylvania
3721,South Carolina
3722,Connecticut
3723,Kentucky
3724,Rhode Island
3725,Colorado
3726,Oklahoma
3727,Idaho
3728,Maine
3729,Vermont
3730,Rhode Island
3731,Florida
3732,West Virginia
3733,Indiana
3734,Illinois
3735,California
3736,Massachusetts
3737,Idaho
3738,Kentucky
3739,Delaware
3740,Idaho
3741,Virginia
3742,Arizona
3743,Maryland
3744,Idaho
3745,New Jersey
3746,Washington
3747,Idaho
3748,Rhode Island
3749,Delaware
3750,Alaska
3751,Arizona
3752,Alabama
3753,Washington
3754,Louisiana
3755,Nebraska
3756,Pennsylvania
3757,South Carolina
3758,California
3759,Indiana
3760,Missouri
3761,Connecticut
3762,Nevada
3763,New York
3764,Oklahoma
3765,South Dakota
3766,Missouri
3767,Texas
3768,New York
3769,Vermont
3770,Arizona
3771,Montana
3772,Oklahoma
3773,New Hampshire
3774,Wisconsin
3775,Alaska
3776,South Dakota
3777,Alaska
3778,Utah
3779,South Dakota
3780,California
3781,Mississippi
3782,Tennessee
3783,Alabama
3784,Maine
3785,Virginia
3786,New Hampshire
3787,Tennessee
3788,New York
3789,Kansas
3790,North Dakota
3791,Alaska
3792,Texas
3793,Massachusetts
3794,Delaware
3795,South Dakota
3796,Arkansas
3797,Utah
3798,California
3799,Rhode Island
3800,Oklahoma
3801,Vermont
3802,Kentucky
3803,Illinois
3804,Connecticut
3805,Florida
3806,New Jersey
3807,Missouri
3808,Michigan
3809,Washington
3810,New York
3811,Wisconsin
3812,Idaho
3813,Michigan
3814,Georgia
3815,Michigan
3816,Maine
3817,Maryland
3818,Missouri
3819,Oregon
3820,Arkansas
3821,New Hampshire
3822,Oregon
3823,Kansas
3824,California
3825,Georgia
3826,Hawaii
3827,Montana
3828,Montana
3829,Mississippi
3830,Washington
3831,Pennsylvania
3832,Nevada
3833,Kansas
3834,Arizona
3835,Tennessee
3836,Pennsylvania
3837,Alaska
3838,New Mexico
3839,Rhode Island
3840,Connecticut
3841,Idaho
3842,Mississippi
3843,Colorado
3844,Georgia
3845,Montana
3846,California
3847,Pennsylvania
3848,Delaware
3849,New Hampshire
3850,Florida
3851,Mississippi
3852,Montana
3853,Mississippi
3854,Tennessee
3855,Florida
3856,Illinois
3857,Virginia
3858,Texas
3859,Missouri
3860,Mississippi
3861,Pennsylvania
3862,Wyoming
3863,Idaho
3864,New Hampshire
3865,Wyoming
3866,Nebraska
3867,Alaska
3868,Maryland
3869,Maryland
3870,Arizona
3871,Ohio
3872,Minnesota
3873,New Hampshire
3874,Louisiana
3875,Nevada
3876,New Hampshire
3877,Wisconsin
3878,Nevada
3879,South Carolina
3880,Florida
3881,Massachusetts
3882,Georgia
3883,North Dakota
3884,North Dakota
3885,Maryland
3886,New Mexico
3887,Iowa
3888,Kansas
3889,Virginia
3890,Alaska
3891,Nebraska
3892,Colorado
3893,Michigan
3894,Massachusetts
3895,Connecticut
3896,Virginia
3897,Iowa
3898,New Jersey
3899,Minnesota
3900,California
